sms,label,llm1,llm2,llm3,llm4,llm5,llms_prediction,score
Ok lar... Joking wif u oni...,not spam,not spam,spam,not spam,spam,not spam,not spam,0.4
Free entry in 2 a wkly comp to win FA Cup final tkts 21st May 2005. Text FA to 87121 to receive entry question(std txt rate)T&C's apply 08452810075over18's,spam,spam,spam,spam,spam,spam,spam,1.0
"Nah I don't think he goes to usf, he lives around here though",not spam,not spam,not spam,not spam,not spam,not spam,not spam,0.0
"FreeMsg Hey there darling it's been 3 week's now and no word back! I'd like some fun you up for it still? Tb ok! XxX std chgs to send, å£1.50 to rcv",spam,spam,spam,spam,spam,spam,spam,1.0
As per your request 'Melle Melle (Oru Minnaminunginte Nurungu Vettam)' has been set as your callertune for all Callers. Press *9 to copy your friends Callertune,not spam,spam,spam,not spam,not spam,spam,spam,0.6
WINNER!! As a valued network customer you have been selected to receivea å£900 prize reward! To claim call 09061701461. Claim code KL341. Valid 12 hours only.,spam,spam,spam,spam,spam,spam,spam,1.0
Had your mobile 11 months or more? U R entitled to Update to the latest colour mobiles with camera for Free! Call The Mobile Update Co FREE on 08002986030,spam,spam,spam,spam,spam,spam,spam,1.0
"SIX chances to win CASH! From 100 to 20,000 pounds txt> CSH11 and send to 87575. Cost 150p/day, 6days, 16+ TsandCs apply Reply HL 4 info",spam,spam,spam,spam,spam,spam,spam,1.0
"URGENT! You have won a 1 week FREE membership in our å£100,000 Prize Jackpot! Txt the word: CLAIM to No: 81010 T&C www.dbuk.net LCCLTD POBOX 4403LDNW1A7RW18",spam,spam,spam,spam,spam,spam,spam,1.0
I've been searching for the right words to thank you for this breather. I promise i wont take your help for granted and will fulfil my promise. You have been wonderful and a blessing at all times.,not spam,not spam,not spam,not spam,not spam,not spam,not spam,0.0
"XXXMobileMovieClub: To use your credit, click the WAP link in the next txt message or click here>> http://wap. xxxmobilemovieclub.com?n=QJKGIGHJJGCBL",spam,spam,spam,spam,spam,spam,spam,1.0
Oh k...i'm watching here:),not spam,not spam,not spam,not spam,not spam,not spam,not spam,0.0
Eh u remember how 2 spell his name... Yes i did. He v naughty make until i v wet.,not spam,not spam,spam,spam,not spam,not spam,not spam,0.4
Fine if thatåÕs the way u feel. ThatåÕs the way its gota b,not spam,not spam,**spam**,not spam,not spam,not spam,not spam,0.0
"England v Macedonia - dont miss the goals/team news. Txt ur national team to 87077 eg ENGLAND to 87077 Try:WALES, SCOTLAND 4txt/Ì¼1.20 POBOXox36504W45WQ 16+",spam,spam,spam,spam,spam,spam,spam,1.0
Is that seriously how you spell his name?,not spam,not spam,not spam,not spam,not spam,not spam,not spam,0.0
IÛ÷m going to try for 2 months ha ha only joking,not spam,not spam,not spam,not spam,not spam,not spam,not spam,0.0
So Ì_ pay first lar... Then when is da stock comin...,not spam,spam,spam,spam,spam,not spam,spam,0.8
Ffffffffff. Alright no way I can meet up with you sooner?,not spam,not spam,not spam,not spam,not spam,not spam,not spam,0.0
Did you catch the bus ? Are you frying an egg ? Did you make a tea? Are you eating your mom's left over dinner ? Do you feel my Love ?,not spam,not spam,not spam,not spam,not spam,not spam,not spam,0.0
Ahhh. Work. I vaguely remember that! What does it feel like? Lol,not spam,not spam,not spam,not spam,not spam,not spam,not spam,0.0
"Wait that's still not all that clear, were you not sure about me being sarcastic or that that's why x doesn't want to live with us",not spam,not spam,not spam,not spam,not spam,not spam,not spam,0.0
K tell me anything about you.,not spam,not spam,not spam,not spam,not spam,not spam,not spam,0.0
Thanks for your subscription to Ringtone UK your mobile will be charged å£5/month Please confirm by replying YES or NO. If you reply NO you will not be charged,spam,spam,spam,spam,spam,spam,spam,1.0
I see the letter B on my car,not spam,not spam,not spam,not spam,not spam,not spam,not spam,0.0
Anything lor... U decide...,not spam,not spam,not spam,not spam,not spam,not spam,not spam,0.0
07732584351 - Rodger Burns - MSG = We tried to call you re your reply to our sms for a free nokia mobile + free camcorder. Please call now 08000930705 for delivery tomorrow,spam,spam,spam,spam,spam,spam,spam,1.0
WHO ARE YOU SEEING?,not spam,not spam,not spam,not spam,not spam,not spam,not spam,0.0
Great! I hope you like your man well endowed. I am  &lt;#&gt;  inches...,not spam,not spam,spam,spam,spam,spam,spam,1.0
No calls..messages..missed calls,not spam,spam,not spam,not spam,not spam,not spam,not spam,0.2
"Fair enough, anything going on?",not spam,not spam,not spam,not spam,not spam,not spam,not spam,0.0
"Yeah hopefully, if tyler can't do it I could maybe ask around a bit",not spam,not spam,not spam,not spam,not spam,not spam,not spam,0.0
U don't know how stubborn I am. I didn't even want to go to the hospital. I kept telling Mark I'm not a weak sucker. Hospitals are for weak suckers.,not spam,not spam,not spam,not spam,not spam,not spam,not spam,0.0
What you thinked about me. First time you saw me in class.,not spam,not spam,not spam,not spam,not spam,not spam,not spam,0.0
"A gram usually runs like  &lt;#&gt; , a half eighth is smarter though and gets you almost a whole second gram for  &lt;#&gt;",not spam,spam,not spam,spam,spam,spam,spam,0.8
K fyi x has a ride early tomorrow morning but he's crashing at our place tonight,not spam,not spam,not spam,not spam,not spam,not spam,not spam,0.0
SMS. ac Sptv: The New Jersey Devils and the Detroit Red Wings play Ice Hockey. Correct or Incorrect? End? Reply END SPTV,spam,spam,not spam,spam,not spam,spam,spam,0.6
"Congrats! 1 year special cinema pass for 2 is yours. call 09061209465 now! C Suprman V, Matrix3, StarWars3, etc all 4 FREE! bx420-ip4-5we. 150pm. Dont miss out! ",spam,spam,spam,spam,spam,spam,spam,1.0
Tell where you reached,not spam,not spam,not spam,not spam,not spam,not spam,not spam,0.0
Yes..gauti and sehwag out of odi series.,not spam,not spam,not spam,not spam,not spam,not spam,not spam,0.0
Its a part of checking IQ,not spam,not spam,not spam,not spam,not spam,not spam,not spam,0.0
"Sorry my roommates took forever, it ok if I come by now?",not spam,not spam,not spam,not spam,not spam,not spam,not spam,0.0
Ok lar i double check wif da hair dresser already he said wun cut v short. He said will cut until i look nice.,not spam,not spam,not spam,not spam,spam,not spam,not spam,0.2
"As a valued customer, I am pleased to advise you that following recent review of your Mob No. you are awarded with a å£1500 Bonus Prize, call 09066364589",spam,spam,spam,spam,spam,spam,spam,1.0
"Today is \song dedicated day..\"" Which song will u dedicate for me? Send this to all ur valuable frnds but first rply me...""",not spam,spam,spam,spam,spam,spam,spam,1.0
"Urgent UR awarded a complimentary trip to EuroDisinc Trav, Aco&Entry41 Or å£1000. To claim txt DIS to 87121 18+6*å£1.50(moreFrmMob. ShrAcomOrSglSuplt)10, LS1 3AJ",spam,spam,spam,spam,spam,spam,spam,1.0
"Did you hear about the new \Divorce Barbie\""? It comes with all of Ken's stuff!""",spam,spam,spam,spam,spam,not spam,spam,0.8
Finished class where are you.,not spam,not spam,not spam,not spam,not spam,not spam,not spam,0.0
U can call me now...,not spam,spam,not spam,not spam,not spam,not spam,not spam,0.2
Thats cool. i am a gentleman and will treat you with dignity and respect.,not spam,not spam,not spam,not spam,not spam,not spam,not spam,0.0
K. Did you call me just now ah? ,not spam,not spam,not spam,not spam,not spam,not spam,not spam,0.0
You will be in the place of that man,not spam,not spam,not spam,not spam,not spam,not spam,not spam,0.0
"Ela kano.,il download, come wen ur free..",not spam,spam,spam,not spam,not spam,spam,spam,0.6
Please call our customer service representative on 0800 169 6031 between 10am-9pm as you have WON a guaranteed å£1000 cash or å£5000 prize!,spam,spam,spam,spam,spam,spam,spam,1.0
Havent planning to buy later. I check already lido only got 530 show in e afternoon. U finish work already?,not spam,not spam,not spam,not spam,not spam,not spam,not spam,0.0
"Your free ringtone is waiting to be collected. Simply text the password \MIX\"" to 85069 to verify. Get Usher and Britney. FML",spam,spam,spam,spam,spam,spam,spam,1.0
i see. When we finish we have loads of loans to pay,not spam,spam,spam,not spam,not spam,not spam,not spam,0.4
"Hi. Wk been ok - on hols now! Yes on for a bit of a run. Forgot that i have hairdressers appointment at four so need to get home n shower beforehand. Does that cause prob for u?\""
ham""",not spam,not spam,not spam,not spam,not spam,not spam,not spam,0.0
I'm still looking for a car to buy. And have not gone 4the driving test yet.,not spam,not spam,not spam,not spam,not spam,not spam,not spam,0.0
I know! Grumpy old people. My mom was like you better not be lying. Then again I am always the one to play jokes...,not spam,not spam,not spam,not spam,not spam,not spam,not spam,0.0
Going for dinner.msg you after.,not spam,not spam,not spam,not spam,not spam,not spam,not spam,0.0
I'm ok wif it cos i like 2 try new things. But i scared u dun like mah. Cos u said not too loud.,not spam,not spam,spam,not spam,not spam,not spam,not spam,0.2
GENT! We are trying to contact you. Last weekends draw shows that you won a å£1000 prize GUARANTEED. Call 09064012160. Claim Code K52. Valid 12hrs only. 150ppm,spam,spam,spam,spam,spam,spam,spam,1.0
"Wa, ur openin sentence very formal... Anyway, i'm fine too, juz tt i'm eatin too much n puttin on weight...Haha... So anythin special happened?",not spam,not spam,not spam,not spam,not spam,not spam,not spam,0.0
You are a winner U have been specially selected 2 receive å£1000 or a 4* holiday (flights inc) speak to a live operator 2 claim 0871277810910p/min (18+) ,spam,spam,spam,spam,spam,spam,spam,1.0
Hmm...my uncle just informed me that he's paying the school directly. So pls buy food.,not spam,not spam,not spam,not spam,not spam,not spam,not spam,0.0
PRIVATE! Your 2004 Account Statement for 07742676969 shows 786 unredeemed Bonus Points. To claim call 08719180248 Identifier Code: 45239 Expires,spam,spam,spam,spam,spam,spam,spam,1.0
"URGENT! Your Mobile No. was awarded å£2000 Bonus Caller Prize on 5/9/03 This is our final try to contact U! Call from Landline 09064019788 BOX42WR29C, 150PPM",spam,spam,spam,spam,spam,spam,spam,1.0
here is my new address -apples&pairs&all that malarky,not spam,not spam,spam,spam,not spam,not spam,not spam,0.4
Todays Voda numbers ending 7548 are selected to receive a $350 award. If you have a match please call 08712300220 quoting claim code 4041 standard rates app,spam,spam,spam,spam,spam,spam,spam,1.0
I am going to sao mu today. Will be done only at 12 ,not spam,not spam,not spam,not spam,not spam,not spam,not spam,0.0
ÌÏ predict wat time Ì_'ll finish buying?,not spam,spam,not spam,not spam,not spam,not spam,not spam,0.2
"Just so that you know,yetunde hasn't sent money yet. I just sent her a text not to bother sending. So its over, you dont have to involve yourself in anything. I shouldn't have imposed anything on you in the first place so for that, i apologise.",not spam,not spam,not spam,not spam,not spam,not spam,not spam,0.0
HEY GIRL. HOW R U? HOPE U R WELL ME AN DEL R BAK! AGAIN LONG TIME NO C! GIVE ME A CALL SUM TIME FROM LUCYxx,not spam,spam,spam,spam,spam,not spam,spam,0.8
I'm home.,not spam,not spam,not spam,not spam,not spam,not spam,not spam,0.0
Sunshine Quiz Wkly Q! Win a top Sony DVD player if u know which country the Algarve is in? Txt ansr to 82277. å£1.50 SP:Tyrone,spam,spam,spam,spam,spam,spam,spam,1.0
Want 2 get laid tonight? Want real Dogging locations sent direct 2 ur mob? Join the UK's largest Dogging Network bt Txting GRAVEL to 69888! Nt. ec2a. 31p.msg@150p,spam,spam,spam,spam,spam,spam,spam,1.0
You'll not rcv any more msgs from the chat svc. For FREE Hardcore services text GO to: 69988 If u get nothing u must Age Verify with yr network & try again,spam,spam,spam,spam,spam,spam,spam,1.0
"K, text me when you're on the way",not spam,not spam,not spam,not spam,not spam,not spam,not spam,0.0
"FreeMsg Why haven't you replied to my text? I'm Randy, sexy, female and live local. Luv to hear from u. Netcollex Ltd 08700621170150p per msg reply Stop to end",spam,spam,spam,spam,spam,spam,spam,1.0
Sindu got job in birla soft ..,not spam,not spam,not spam,spam,not spam,not spam,not spam,0.2
As per your request 'Melle Melle (Oru Minnaminunginte Nurungu Vettam)' has been set as your callertune for all Callers. Press *9 to copy your friends Callertune,not spam,spam,spam,spam,not spam,spam,spam,0.8
"You are everywhere dirt, on the floor, the windows, even on my shirt. And sometimes when i open my mouth, you are all that comes flowing out. I dream of my world without you, then half my chores are out too. A time of joy for me, lots of tv shows i.ll see. But i guess like all things you just must exist, like rain, hail and mist, and when my time here is done, you and i become one.",not spam,not spam,not spam,not spam,not spam,not spam,not spam,0.0
Customer service annoncement. You have a New Years delivery waiting for you. Please call 07046744435 now to arrange delivery,spam,spam,spam,spam,spam,spam,spam,1.0
You are a winner U have been specially selected 2 receive å£1000 cash or a 4* holiday (flights inc) speak to a live operator 2 claim 0871277810810,spam,spam,spam,spam,spam,spam,spam,1.0
New car and house for my parents.:)i have only new job in hand:),not spam,spam,spam,not spam,not spam,not spam,not spam,0.4
-PLS STOP bootydelious (32/F) is inviting you to be her friend. Reply YES-434 or NO-434 See her: www.SMS.ac/u/bootydelious STOP? Send STOP FRND to 62468,spam,spam,spam,spam,spam,spam,spam,1.0
"BangBabes Ur order is on the way. U SHOULD receive a Service Msg 2 download UR content. If U do not, GoTo wap. bangb. tv on UR mobile internet/service menu",spam,spam,spam,spam,spam,spam,spam,1.0
I place all ur points on e cultures module already.,not spam,not spam,not spam,spam,not spam,not spam,not spam,0.2
URGENT! We are trying to contact you. Last weekends draw shows that you have won a å£900 prize GUARANTEED. Call 09061701939. Claim code S89. Valid 12hrs only,spam,spam,spam,spam,spam,spam,spam,1.0
"Hi frnd, which is best way to avoid missunderstding wit our beloved one's?",not spam,not spam,not spam,not spam,not spam,not spam,not spam,0.0
"Hmmm.. Thk sure got time to hop ard... Ya, can go 4 free abt... Muz call u to discuss liao... ",not spam,spam,spam,not spam,spam,not spam,spam,0.6
What time you coming down later? ,not spam,not spam,not spam,not spam,not spam,not spam,not spam,0.0
"Well, i'm gonna finish my bath now. Have a good...fine night.",not spam,not spam,not spam,not spam,not spam,not spam,not spam,0.0
Let me know when you've got the money so carlos can make the call,not spam,not spam,spam,spam,not spam,not spam,not spam,0.4
U still going to the mall?,not spam,not spam,not spam,not spam,not spam,not spam,not spam,0.0
Hi! You just spoke to MANEESHA V. We'd like to know if you were satisfied with the experience. Reply Toll Free with Yes or No.,not spam,not spam,not spam,spam,not spam,not spam,not spam,0.2
You lifted my hopes with the offer of money. I am in need. Especially when the end of the month approaches and it hurts my studying. Anyways have a gr8 weekend,not spam,not spam,not spam,not spam,spam,not spam,not spam,0.2
Lol no. U can trust me.,not spam,not spam,not spam,not spam,not spam,not spam,not spam,0.0
Please call our customer service representative on FREEPHONE 0808 145 4742 between 9am-11pm as you have WON a guaranteed å£1000 cash or å£5000 prize!,spam,spam,spam,spam,spam,spam,spam,1.0
Have you got Xmas radio times. If not i will get it now,not spam,spam,not spam,not spam,spam,not spam,not spam,0.4
Are you unique enough? Find out from 30th August. www.areyouunique.co.uk,spam,spam,spam,spam,spam,spam,spam,1.0
Hi :)finally i completed the course:),not spam,not spam,not spam,not spam,not spam,not spam,not spam,0.0
It will stop on itself. I however suggest she stays with someone that will be able to give ors for every stool.,not spam,not spam,spam,spam,not spam,not spam,not spam,0.4
How are you doing? Hope you've settled in for the new school year. Just wishin you a gr8 day,not spam,not spam,not spam,not spam,not spam,not spam,not spam,0.0
"Found it, ENC  &lt;#&gt; , where you at?",not spam,not spam,not spam,not spam,not spam,not spam,not spam,0.0
Goodmorning sleeping ga.,not spam,not spam,not spam,not spam,not spam,not spam,not spam,0.0
U call me alter at 11 ok.,not spam,not spam,spam,not spam,not spam,not spam,not spam,0.2
ÌÏ say until like dat i dun buy ericsson oso cannot oredi lar...,not spam,not spam,spam,spam,not spam,not spam,not spam,0.4
"Aight yo, dats straight dogg",not spam,not spam,not spam,not spam,not spam,not spam,not spam,0.0
You please give us connection today itself before  &lt;DECIMAL&gt;  or refund the bill,not spam,spam,spam,spam,spam,spam,spam,1.0
Home so we can always chat,not spam,not spam,not spam,not spam,not spam,not spam,not spam,0.0
Tired. I haven't slept well the past few nights.,not spam,not spam,not spam,not spam,not spam,not spam,not spam,0.0
There is os called ubandu which will run without installing in hard disk...you can use that os to copy the important files in system and give it to repair shop..,not spam,spam,spam,spam,spam,not spam,spam,0.8
"Sorry, I'll call later",not spam,not spam,not spam,not spam,not spam,not spam,not spam,0.0
"500 New Mobiles from 2004, MUST GO! Txt: NOKIA to No: 89545 & collect yours today!From ONLY å£1 www.4-tc.biz 2optout 087187262701.50gbp/mtmsg18",spam,spam,spam,spam,spam,spam,spam,1.0
"Will u meet ur dream partner soon? Is ur career off 2 a flyng start? 2 find out free, txt HORO followed by ur star sign, e. g. HORO ARIES",spam,spam,spam,spam,spam,spam,spam,1.0
Text & meet someone sexy today. U can find a date or even flirt its up to U. Join 4 just 10p. REPLY with NAME & AGE eg Sam 25. 18 -msg recd@thirtyeight pence,spam,spam,spam,spam,spam,spam,spam,1.0
Or ill be a little closer like at the bus stop on the same street,not spam,not spam,not spam,not spam,not spam,not spam,not spam,0.0
U 447801259231 have a secret admirer who is looking 2 make contact with U-find out who they R*reveal who thinks UR so special-call on 09058094597,spam,spam,spam,spam,spam,spam,spam,1.0
U don't remember that old commercial?,not spam,not spam,not spam,not spam,not spam,not spam,not spam,0.0
Too late. I said i have the website. I didn't i have or dont have the slippers,not spam,not spam,not spam,not spam,not spam,not spam,not spam,0.0
I asked you to call him now ok,not spam,not spam,not spam,not spam,not spam,not spam,not spam,0.0
It didnt work again oh. Ok goodnight then. I.ll fix and have it ready by the time you wake up. You are very dearly missed have a good night sleep.,not spam,not spam,not spam,not spam,not spam,not spam,not spam,0.0
Congratulations ur awarded 500 of CD vouchers or 125gift guaranteed & Free entry 2 100 wkly draw txt MUSIC to 87066 TnCs www.Ldew.com1win150ppmx3age16,spam,spam,spam,spam,spam,spam,spam,1.0
"Ups which is 3days also, and the shipping company that takes 2wks. The other way is usps which takes a week but when it gets to lag you may have to bribe nipost to get your stuff.",not spam,not spam,spam,spam,not spam,not spam,not spam,0.4
Mmm so yummy babe ... Nice jolt to the suzy,not spam,not spam,not spam,spam,spam,not spam,not spam,0.4
We tried to contact you re your reply to our offer of a Video Handset? 750 anytime networks mins? UNLIMITED TEXT? Camcorder? Reply or call 08000930705 NOW,spam,spam,spam,spam,spam,spam,spam,1.0
MY NO. IN LUTON 0125698789 RING ME IF UR AROUND! H*,not spam,spam,spam,spam,spam,spam,spam,1.0
Hey I am really horny want to chat or see me naked text hot to 69698 text charged at 150pm to unsubscribe text stop 69698,spam,spam,spam,spam,spam,spam,spam,1.0
Why you Dint come with us.,not spam,not spam,not spam,not spam,not spam,not spam,not spam,0.0
"Not sure yet, still trying to get a hold of him",not spam,not spam,not spam,not spam,not spam,not spam,not spam,0.0
Ur ringtone service has changed! 25 Free credits! Go to club4mobiles.com to choose content now! Stop? txt CLUB STOP to 87070. 150p/wk Club4 PO Box1146 MK45 2WT,spam,spam,spam,spam,spam,spam,spam,1.0
The evo. I just had to download flash. Jealous?,not spam,not spam,not spam,not spam,not spam,not spam,not spam,0.0
Ringtone Club: Get the UK singles chart on your mobile each week and choose any top quality ringtone! This message is free of charge.,spam,spam,spam,spam,spam,spam,spam,1.0
HMV BONUS SPECIAL 500 pounds of genuine HMV vouchers to be won. Just answer 4 easy questions. Play Now! Send HMV to 86688 More info:www.100percent-real.com,spam,spam,spam,spam,spam,spam,spam,1.0
"Usf I guess, might as well take 1 car",not spam,not spam,not spam,not spam,not spam,not spam,not spam,0.0
Just sent it. So what type of food do you like?,not spam,not spam,not spam,not spam,not spam,not spam,not spam,0.0
You got called a tool?,not spam,not spam,not spam,not spam,not spam,not spam,not spam,0.0
\Wen u miss someone,not spam,spam,**not spam**,not spam,not spam,not spam,not spam,0.2
Ok. I asked for money how far,not spam,not spam,spam,spam,not spam,not spam,not spam,0.4
Okie...,not spam,not spam,not spam,not spam,not spam,not spam,not spam,0.0
hi baby im cruisin with my girl friend what r u up 2? give me a call in and hour at home if thats alright or fone me on this fone now love jenny xxx,not spam,spam,spam,spam,spam,not spam,spam,0.8
"My life Means a lot to me, Not because I love my life, But because I love the people in my life, The world calls them friends, I call them my World:-).. Ge:-)..",not spam,not spam,not spam,not spam,not spam,not spam,not spam,0.0
T-Mobile customer you may now claim your FREE CAMERA PHONE upgrade & a pay & go sim card for your loyalty. Call on 0845 021 3680.Offer ends 28thFeb.T&C's apply,spam,spam,spam,spam,spam,spam,spam,1.0
Hurt me... Tease me... Make me cry... But in the end of my life when i die plz keep one rose on my grave and say STUPID I MISS U.. HAVE A NICE DAY BSLVYL,not spam,spam,not spam,spam,spam,not spam,spam,0.6
Need a coffee run tomo?Can't believe it's that time of week already,not spam,not spam,not spam,not spam,not spam,not spam,not spam,0.0
"Awesome, I remember the last time we got somebody high for the first time with diesel :V",not spam,not spam,not spam,spam,spam,not spam,not spam,0.4
"SMS. ac Blind Date 4U!: Rodds1 is 21/m from Aberdeen, United Kingdom. Check Him out http://img. sms. ac/W/icmb3cktz8r7!-4 no Blind Dates send HIDE",spam,spam,spam,spam,spam,spam,spam,1.0
Yup... From what i remb... I think should be can book... ,not spam,not spam,spam,not spam,not spam,not spam,not spam,0.2
Jos ask if u wana meet up?,not spam,not spam,not spam,not spam,not spam,not spam,not spam,0.0
"TheMob> Check out our newest selection of content, Games, Tones, Gossip, babes and sport, Keep your mobile fit and funky text WAP to 82468",spam,spam,spam,spam,spam,spam,spam,1.0
"Think ur smart ? Win å£200 this week in our weekly quiz, text PLAY to 85222 now!T&Cs WinnersClub PO BOX 84, M26 3UZ. 16+. GBP1.50/week",spam,spam,spam,spam,spam,spam,spam,1.0
"Hmmm... Guess we can go 4 kb n power yoga... Haha, dunno we can tahan power yoga anot... Thk got lo oso, forgot liao...",not spam,not spam,spam,not spam,not spam,not spam,not spam,0.2
December only! Had your mobile 11mths+? You are entitled to update to the latest colour camera mobile for Free! Call The Mobile Update Co FREE on 08002986906,spam,spam,spam,spam,spam,spam,spam,1.0
"Coffee cake, i guess...",not spam,not spam,not spam,not spam,not spam,not spam,not spam,0.0
"Merry Christmas to you too babe, i love ya *kisses*",not spam,not spam,not spam,not spam,not spam,not spam,not spam,0.0
Hey... Why dont we just go watch x men and have lunch... Haha ,not spam,not spam,not spam,not spam,not spam,not spam,not spam,0.0
"I'd say that's a good sign but, well, you know my track record at reading women",not spam,not spam,not spam,not spam,not spam,not spam,not spam,0.0
Call Germany for only 1 pence per minute! Call from a fixed line via access number 0844 861 85 85. No prepayment. Direct access!,spam,spam,spam,spam,spam,spam,spam,1.0
Valentines Day Special! Win over å£1000 in our quiz and take your partner on the trip of a lifetime! Send GO to 83600 now. 150p/msg rcvd. CustCare:08718720201.,spam,spam,spam,spam,spam,spam,spam,1.0
"Ta-Daaaaa! I am home babe, are you still up ?",not spam,not spam,not spam,not spam,not spam,not spam,not spam,0.0
Just sleeping..and surfing,not spam,not spam,not spam,not spam,not spam,not spam,not spam,0.0
Gudnite....tc...practice going on,not spam,not spam,not spam,not spam,not spam,not spam,not spam,0.0
Fancy a shag? I do.Interested? sextextuk.com txt XXUK SUZY to 69876. Txts cost 1.50 per msg. TnCs on website. X,spam,spam,spam,spam,spam,spam,spam,1.0
Just checking in on you. Really do miss seeing Jeremiah. Do have a great month,not spam,not spam,not spam,not spam,not spam,not spam,not spam,0.0
"Nah can't help you there, I've never had an iphone",not spam,not spam,not spam,not spam,not spam,not spam,not spam,0.0
If you're not in my car in an hour and a half I'm going apeshit,not spam,not spam,spam,not spam,not spam,not spam,not spam,0.2
"TODAY is Sorry day.! If ever i was angry with you, if ever i misbehaved or hurt you? plz plz JUST SLAP URSELF Bcoz, Its ur fault, I'm basically GOOD",not spam,spam,spam,not spam,not spam,not spam,not spam,0.4
Yo you guys ever figure out how much we need for alcohol? Jay and I are trying to figure out how much we can safely spend on weed,not spam,spam,not spam,not spam,not spam,not spam,not spam,0.2
Congratulations ur awarded 500 of CD vouchers or 125gift guaranteed & Free entry 2 100 wkly draw txt MUSIC to 87066 TnCs www.Ldew.com1win150ppmx3age16,spam,spam,spam,spam,spam,spam,spam,1.0
Ur cash-balance is currently 500 pounds - to maximize ur cash-in now send CASH to 86688 only 150p/msg. CC: 08708800282 HG/Suite342/2Lands Row/W1J6HL,spam,spam,spam,spam,spam,spam,spam,1.0
Oh ok no prob..,not spam,not spam,not spam,not spam,not spam,not spam,not spam,0.0
Busy here. Trying to finish for new year. I am looking forward to finally meeting you...,not spam,not spam,not spam,not spam,not spam,not spam,not spam,0.0
"Good afternoon sunshine! How dawns that day ? Are we refreshed and happy to be alive? Do we breathe in the air and smile ? I think of you, my love ... As always",not spam,not spam,not spam,not spam,not spam,not spam,not spam,0.0
"Update_Now - Xmas Offer! Latest Motorola, SonyEricsson & Nokia & FREE Bluetooth! Double Mins & 1000 Txt on Orange. Call MobileUpd8 on 08000839402 or call2optout/F4Q=",spam,spam,spam,spam,spam,spam,spam,1.0
Here is your discount code RP176781. To stop further messages reply stop. www.regalportfolio.co.uk. Customer Services 08717205546,spam,spam,spam,spam,spam,spam,spam,1.0
I will spoil you in bed as well :),not spam,spam,not spam,spam,not spam,spam,spam,0.6
"Thanks for your Ringtone Order, Reference T91. You will be charged GBP 4 per week. You can unsubscribe at anytime by calling customer services on 09057039994",spam,spam,spam,spam,spam,spam,spam,1.0
Can you say what happen,not spam,not spam,not spam,not spam,not spam,not spam,not spam,0.0
Keep my payasam there if rinu brings,not spam,not spam,not spam,not spam,not spam,not spam,not spam,0.0
I taught that Ranjith sir called me. So only i sms like that. Becaus hes verifying about project. Prabu told today so only pa dont mistake me..,not spam,not spam,spam,not spam,not spam,not spam,not spam,0.2
Hey i will be late ah... Meet you at 945+,not spam,not spam,spam,not spam,not spam,not spam,not spam,0.2
"Double mins and txts 4 6months FREE Bluetooth on Orange. Available on Sony, Nokia Motorola phones. Call MobileUpd8 on 08000839402 or call2optout/N9DX",spam,spam,spam,spam,spam,spam,spam,1.0
It took Mr owl 3 licks,not spam,not spam,not spam,not spam,not spam,not spam,not spam,0.0
4mths half price Orange line rental & latest camera phones 4 FREE. Had your phone 11mths ? Call MobilesDirect free on 08000938767 to update now! or2stoptxt,spam,spam,spam,spam,spam,spam,spam,1.0
Yes i think so. I am in office but my lap is in room i think thats on for the last few days. I didnt shut that down,not spam,not spam,not spam,not spam,not spam,not spam,not spam,0.0
Was actually sleeping and still might when u call back. So a text is gr8. You rock sis. Will send u a text wen i wake.,not spam,not spam,not spam,not spam,not spam,not spam,not spam,0.0
"FREE RINGTONE text FIRST to 87131 for a poly or text GET to 87131 for a true tone! Help? 0845 2814032 16 after 1st free, tones are 3xå£150pw to eå£nd txt stop",spam,spam,spam,spam,spam,spam,spam,1.0
Dear how is chechi. Did you talk to her,not spam,not spam,not spam,not spam,not spam,not spam,not spam,0.0
"Haha get used to driving to usf man, I know a lot of stoners",not spam,not spam,not spam,not spam,not spam,not spam,not spam,0.0
Cos i want it to be your thing,not spam,not spam,not spam,not spam,not spam,not spam,not spam,0.0
"Okies... I'll go yan jiu too... We can skip ard oso, go cine den go mrt one, blah blah blah... ",not spam,not spam,not spam,not spam,not spam,not spam,not spam,0.0
100 dating service cal;l 09064012103 box334sk38ch,spam,spam,spam,spam,spam,spam,spam,1.0
Alright i have a new goal now,not spam,not spam,not spam,not spam,not spam,not spam,not spam,0.0
FREE entry into our å£250 weekly competition just text the word WIN to 80086 NOW. 18 T&C www.txttowin.co.uk,spam,spam,spam,spam,spam,spam,spam,1.0
"Alright, I'll head out in a few minutes, text me where to meet you",not spam,not spam,not spam,not spam,not spam,not spam,not spam,0.0
Send a logo 2 ur lover - 2 names joined by a heart. Txt LOVE NAME1 NAME2 MOBNO eg LOVE ADAM EVE 07123456789 to 87077 Yahoo! POBox36504W45WQ TxtNO 4 no ads 150p,spam,spam,spam,spam,spam,spam,spam,1.0
Yes:)from last week itself i'm taking live call.,not spam,not spam,not spam,spam,not spam,not spam,not spam,0.2
Someone has contacted our dating service and entered your phone because they fancy you! To find out who it is call from a landline 09111032124 . PoBox12n146tf150p,spam,spam,spam,spam,spam,spam,spam,1.0
URGENT! Your Mobile number has been awarded with a å£2000 prize GUARANTEED. Call 09058094455 from land line. Claim 3030. Valid 12hrs only,spam,spam,spam,spam,spam,spam,spam,1.0
Any pain on urination any thing else?,not spam,not spam,not spam,not spam,not spam,not spam,not spam,0.0
I wnt to buy a BMW car urgently..its vry urgent.but hv a shortage of  &lt;#&gt; Lacs.there is no source to arng dis amt. &lt;#&gt; lacs..thats my prob,not spam,spam,spam,spam,spam,spam,spam,1.0
At home watching tv lor.,not spam,not spam,not spam,not spam,not spam,not spam,not spam,0.0
Does she usually take fifteen fucking minutes to respond to a yes or no question,not spam,not spam,spam,spam,spam,not spam,spam,0.6
Congrats! Nokia 3650 video camera phone is your Call 09066382422 Calls cost 150ppm Ave call 3mins vary from mobiles 16+ Close 300603 post BCM4284 Ldn WC1N3XX,spam,spam,spam,spam,spam,spam,spam,1.0
Booked ticket for pongal?,not spam,not spam,not spam,not spam,not spam,not spam,not spam,0.0
"Ask g or iouri, I've told the story like ten times already",not spam,not spam,not spam,not spam,not spam,not spam,not spam,0.0
How long does applebees fucking take,not spam,not spam,not spam,not spam,spam,not spam,not spam,0.2
Yes..he is really great..bhaji told kallis best cricketer after sachin in world:).very tough to get out.,not spam,not spam,spam,not spam,not spam,not spam,not spam,0.2
hanks lotsly!,not spam,not spam,not spam,not spam,not spam,not spam,not spam,0.0
Ok i will tell her to stay out. Yeah its been tough but we are optimistic things will improve this month.,not spam,not spam,not spam,not spam,not spam,not spam,not spam,0.0
"Loan for any purpose å£500 - å£75,000. Homeowners + Tenants welcome. Have you been previously refused? We can still help. Call Free 0800 1956669 or text back 'help'",spam,spam,spam,spam,spam,spam,spam,1.0
"LOOK AT AMY URE A BEAUTIFUL, INTELLIGENT WOMAN AND I LIKE U A LOT. I KNOW U DONåÕT LIKE ME LIKE THAT SO DONåÕT WORRY.",not spam,spam,not spam,spam,spam,not spam,spam,0.6
I hope you that's the result of being consistently intelligent and kind. Start asking him about practicum links and keep your ears open and all the best. ttyl,not spam,not spam,not spam,not spam,not spam,not spam,not spam,0.0
Great. Never been better. Each day gives even more reasons to thank God,not spam,not spam,not spam,not spam,not spam,not spam,not spam,0.0
"UpgrdCentre Orange customer, you may now claim your FREE CAMERA PHONE upgrade for your loyalty. Call now on 0207 153 9153. Offer ends 26th July. T&C's apply. Opt-out available",spam,spam,spam,spam,spam,spam,spam,1.0
Ok i am on the way to railway,not spam,not spam,not spam,not spam,not spam,not spam,not spam,0.0
okmail: Dear Dave this is your final notice to collect your 4* Tenerife Holiday or #5000 CASH award! Call 09061743806 from landline. TCs SAE Box326 CW25WX 150ppm,spam,spam,spam,spam,spam,spam,spam,1.0
"Nothing. I meant that once the money enters your account here, the bank will remove its flat rate. Someone transfered  &lt;#&gt;  to my account and  &lt;#&gt; dollars got removed. So the banks differ and charges also differ.be sure you trust the 9ja person you are sending account details to cos...",not spam,spam,spam,spam,spam,spam,spam,1.0
Want 2 get laid tonight? Want real Dogging locations sent direct 2 ur Mob? Join the UK's largest Dogging Network by txting MOAN to 69888Nyt. ec2a. 31p.msg@150p,spam,spam,spam,spam,spam,spam,spam,1.0
Ok I'm gonna head up to usf in like fifteen minutes,not spam,not spam,not spam,not spam,not spam,not spam,not spam,0.0
"Almost there, see u in a sec",not spam,not spam,not spam,not spam,not spam,not spam,not spam,0.0
"Yo carlos, a few friends are already asking me about you, you working at all this weekend?",not spam,not spam,not spam,not spam,not spam,not spam,not spam,0.0
Thank you baby! I cant wait to taste the real thing...,not spam,not spam,spam,spam,spam,spam,spam,0.8
If we win its really no 1 side for long time.,not spam,not spam,not spam,not spam,not spam,not spam,not spam,0.0
"FREE MESSAGE Activate your 500 FREE Text Messages by replying to this message with the word FREE For terms & conditions, visit www.07781482378.com",spam,spam,spam,spam,spam,spam,spam,1.0
Dear reached railway. What happen to you,not spam,not spam,not spam,not spam,not spam,not spam,not spam,0.0
"Sorry man my account's dry or I would, if you want we could trade back half or I could buy some shit with my credit card",not spam,not spam,spam,spam,spam,spam,spam,0.8
"Congrats! 1 year special cinema pass for 2 is yours. call 09061209465 now! C Suprman V, Matrix3, StarWars3, etc all 4 FREE! bx420-ip4-5we. 150pm. Dont miss out!",spam,spam,spam,spam,spam,spam,spam,1.0
Dear i have reache room,not spam,not spam,not spam,spam,not spam,not spam,not spam,0.2
When can Ì_ come out?,not spam,not spam,not spam,not spam,not spam,not spam,not spam,0.0
Lolnice. I went from a fish to ..water.?,not spam,not spam,not spam,not spam,not spam,not spam,not spam,0.0
+123 Congratulations - in this week's competition draw u have won the å£1450 prize to claim just call 09050002311 b4280703. T&Cs/stop SMS 08718727868. Over 18 only 150ppm,spam,spam,spam,spam,spam,spam,spam,1.0
Your opinion about me? 1. Over 2. Jada 3. Kusruthi 4. Lovable 5. Silent 6. Spl character 7. Not matured 8. Stylish 9. Simple Pls reply..,not spam,spam,spam,spam,not spam,not spam,spam,0.6
"8 at the latest, g's still there if you can scrounge up some ammo and want to give the new ak a try",not spam,not spam,spam,not spam,not spam,not spam,not spam,0.2
Prabha..i'm soryda..realy..frm heart i'm sory,not spam,not spam,spam,not spam,not spam,not spam,not spam,0.2
"You are guaranteed the latest Nokia Phone, a 40GB iPod MP3 player or a å£500 prize! Txt word: COLLECT to No: 83355! IBHltd LdnW15H 150p/Mtmsgrcvd18+",spam,spam,spam,spam,spam,spam,spam,1.0
Boltblue tones for 150p Reply POLY# or MONO# eg POLY3 1. Cha Cha Slide 2. Yeah 3. Slow Jamz 6. Toxic 8. Come With Me or STOP 4 more tones txt MORE,spam,spam,spam,spam,spam,spam,spam,1.0
Your credits have been topped up for http://www.bubbletext.com Your renewal Pin is tgxxrz,spam,spam,spam,spam,spam,spam,spam,1.0
Were gonna go get some tacos,not spam,not spam,not spam,not spam,not spam,not spam,not spam,0.0
"That's very rude, you on campus?",not spam,not spam,not spam,not spam,not spam,not spam,not spam,0.0
"URGENT!: Your Mobile No. was awarded a å£2,000 Bonus Caller Prize on 02/09/03! This is our 2nd attempt to contact YOU! Call 0871-872-9755 BOX95QU",spam,spam,spam,spam,spam,spam,spam,1.0
"Today's Offer! Claim ur å£150 worth of discount vouchers! Text YES to 85023 now! SavaMob, member offers mobile! T Cs 08717898035. å£3.00 Sub. 16 . Unsub reply X",spam,spam,spam,spam,spam,spam,spam,1.0
Yes! How is a pretty lady like you single?,not spam,not spam,not spam,spam,spam,spam,spam,0.6
You will recieve your tone within the next 24hrs. For Terms and conditions please see Channel U Teletext Pg 750,spam,spam,spam,spam,spam,spam,spam,1.0
PRIVATE! Your 2003 Account Statement for 07815296484 shows 800 un-redeemed S.I.M. points. Call 08718738001 Identifier Code 41782 Expires 18/11/04 ,spam,spam,spam,spam,spam,spam,spam,1.0
"Probably gonna be here for a while, see you later tonight &lt;)",not spam,not spam,not spam,not spam,not spam,not spam,not spam,0.0
from www.Applausestore.com MonthlySubscription@50p/msg max6/month T&CsC web age16 2stop txt stop,spam,spam,spam,spam,spam,spam,spam,1.0
But am going to college pa. What to do. are else ill come there it self. Pa.,not spam,not spam,not spam,not spam,not spam,not spam,not spam,0.0
"Imagine you finally get to sink into that bath after I have put you through your paces, maybe even having you eat me for a while before I left ... But also imagine the feel of that cage on your cock surrounded by the bath water, reminding you always who owns you ... Enjoy, my cuck",not spam,spam,spam,spam,spam,spam,spam,1.0
O. Well uv causes mutations. Sunscreen is like essential thesedays,not spam,not spam,not spam,not spam,not spam,not spam,not spam,0.0
"Aiyo... U always c our ex one... I dunno abt mei, she haven reply... First time u reply so fast... Y so lucky not workin huh, got bao by ur sugardad ah...gee.. ",not spam,spam,spam,spam,spam,not spam,spam,0.8
Hi msg me:)i'm in office..,not spam,not spam,not spam,not spam,not spam,not spam,not spam,0.0
GENT! We are trying to contact you. Last weekends draw shows that you won a å£1000 prize GUARANTEED. Call 09064012160. Claim Code K52. Valid 12hrs only. 150ppm ,spam,spam,spam,spam,spam,spam,spam,1.0
Love it! Daddy will make you scream with pleasure! I am going to slap your ass with my dick!,not spam,spam,spam,spam,spam,spam,spam,1.0
Waiting for your call.,not spam,not spam,not spam,not spam,not spam,not spam,not spam,0.0
Nope i waiting in sch 4 daddy... ,not spam,not spam,spam,not spam,not spam,not spam,not spam,0.2
"You have won ?1,000 cash or a ?2,000 prize! To claim, call09050000327",spam,spam,spam,spam,spam,spam,spam,1.0
"our mobile number has won å£5000, to claim calls us back or ring the claims hot line on 09050005321.",spam,spam,spam,spam,spam,spam,spam,1.0
"Arngd marriage is while u r walkin unfortuntly a snake bites u. bt love marriage is dancing in frnt of d snake &amp; sayin Bite me, bite me.",not spam,spam,spam,spam,not spam,not spam,spam,0.6
Huh so early.. Then Ì_ having dinner outside izzit?,not spam,not spam,not spam,not spam,not spam,not spam,not spam,0.0
We tried to contact you re your reply to our offer of 750 mins 150 textand a new video phone call 08002988890 now or reply for free delivery tomorrow,spam,spam,spam,spam,spam,spam,spam,1.0
"I dun thk i'll quit yet... Hmmm, can go jazz ? Yogasana oso can... We can go meet em after our lessons den... ",not spam,not spam,not spam,not spam,not spam,not spam,not spam,0.0
"For ur chance to win a å£250 wkly shopping spree TXT: SHOP to 80878. T's&C's www.txt-2-shop.com custcare 08715705022, 1x150p/wk",spam,spam,spam,spam,spam,spam,spam,1.0
You have been specially selected to receive a 2000 pound award! Call 08712402050 BEFORE the lines close. Cost 10ppm. 16+. T&Cs apply. AG Promo,spam,spam,spam,spam,spam,spam,spam,1.0
PRIVATE! Your 2003 Account Statement for 07753741225 shows 800 un-redeemed S. I. M. points. Call 08715203677 Identifier Code: 42478 Expires 24/10/04,spam,spam,spam,spam,spam,spam,spam,1.0
You have an important customer service announcement. Call FREEPHONE 0800 542 0825 now!,spam,spam,spam,spam,spam,spam,spam,1.0
XCLUSIVE@CLUBSAISAI 2MOROW 28/5 SOIREE SPECIALE ZOUK WITH NICHOLS FROM PARIS.FREE ROSES 2 ALL LADIES !!! info: 07946746291/07880867867 ,spam,spam,spam,spam,spam,spam,spam,1.0
22 days to kick off! For Euro2004 U will be kept up to date with the latest news and results daily. To be removed send GET TXT STOP to 83222,spam,spam,spam,spam,spam,spam,spam,1.0
Its a valentine game. . . Send dis msg to all ur friends. .. If 5 answers r d same then someone really loves u. Ques- which colour suits me the best?rply me,not spam,spam,spam,spam,spam,spam,spam,1.0
I have many dependents,not spam,not spam,not spam,not spam,not spam,not spam,not spam,0.0
He like not v shock leh. Cos telling shuhui is like telling leona also. Like dat almost all know liao. He got ask me abt ur reaction lor.,not spam,not spam,spam,not spam,not spam,not spam,not spam,0.2
For my family happiness..,not spam,not spam,not spam,not spam,not spam,not spam,not spam,0.0
Let there be snow. Let there be snow. This kind of weather brings ppl together so friendships can grow.,not spam,not spam,not spam,not spam,not spam,not spam,not spam,0.0
Dear we got  &lt;#&gt;  dollars hi hi,not spam,spam,spam,spam,not spam,spam,spam,0.8
"sorry, no, have got few things to do. may be in pub later.",not spam,not spam,not spam,not spam,not spam,not spam,not spam,0.0
New TEXTBUDDY Chat 2 horny guys in ur area 4 just 25p Free 2 receive Search postcode or at gaytextbuddy.com. TXT ONE name to 89693,spam,spam,spam,spam,spam,spam,spam,1.0
Todays Vodafone numbers ending with 4882 are selected to a receive a å£350 award. If your number matches call 09064019014 to receive your å£350 award.,spam,spam,spam,spam,spam,spam,spam,1.0
Thank u!,not spam,not spam,not spam,not spam,not spam,not spam,not spam,0.0
Got it. Seventeen pounds for seven hundred ml ÛÒ hope ok.,not spam,not spam,not spam,not spam,not spam,not spam,not spam,0.0
"Dear Voucher Holder, 2 claim this weeks offer, at your PC go to http://www.e-tlp.co.uk/expressoffer Ts&Cs apply.2 stop texts txt STOP to 80062.",spam,spam,spam,spam,spam,spam,spam,1.0
"Sweetheart, hope you are not having that kind of day! Have one with loads of reasons to smile. Biola",not spam,not spam,not spam,not spam,not spam,not spam,not spam,0.0
"What will we do in the shower, baby?",not spam,not spam,not spam,not spam,not spam,spam,not spam,0.2
Probably gonna swing by in a wee bit,not spam,not spam,not spam,not spam,not spam,not spam,not spam,0.0
Do you mind if I ask what happened? You dont have to say if it is uncomfortable.,not spam,not spam,not spam,not spam,not spam,not spam,not spam,0.0
PRIVATE! Your 2003 Account Statement for shows 800 un-redeemed S. I. M. points. Call 08715203694 Identifier Code: 40533 Expires 31/10/04,spam,spam,spam,spam,spam,spam,spam,1.0
No prob. I will send to your email.,not spam,not spam,not spam,not spam,not spam,not spam,not spam,0.0
"You have won ?1,000 cash or a ?2,000 prize! To claim, call09050000327. T&C: RSTM, SW7 3SS. 150ppm",spam,spam,spam,spam,spam,spam,spam,1.0
Thats cool! Sometimes slow and gentle. Sonetimes rough and hard :),not spam,not spam,not spam,not spam,not spam,spam,not spam,0.2
I'm gonna say no. Sorry. I would but as normal am starting to panic about time. Sorry again! Are you seeing on Tuesday?,not spam,not spam,not spam,not spam,not spam,not spam,not spam,0.0
Tell them the drug dealer's getting impatient,not spam,spam,not spam,spam,spam,spam,spam,0.8
"Sun cant come to earth but send luv as rays. cloud cant come to river but send luv as rain. I cant come to meet U, but can send my care as msg to U. Gud evng",not spam,not spam,not spam,not spam,not spam,not spam,not spam,0.0
"It doesnt make sense to take it there unless its free. If you need to know more, wikipedia.com",not spam,spam,not spam,not spam,not spam,not spam,not spam,0.2
88800 and 89034 are premium phone services call 08718711108,spam,spam,spam,spam,spam,spam,spam,1.0
"Under the sea, there lays a rock. In the rock, there is an envelope. In the envelope, there is a paper. On the paper, there are 3 words... '",not spam,not spam,not spam,not spam,not spam,not spam,not spam,0.0
Then mum's repent how?,not spam,not spam,not spam,not spam,not spam,not spam,not spam,0.0
Have a good evening! Ttyl,not spam,not spam,not spam,not spam,not spam,not spam,not spam,0.0
SMS. ac sun0819 posts HELLO:\You seem cool,spam,not spam,not spam,spam,not spam,not spam,not spam,0.2
Get ur 1st RINGTONE FREE NOW! Reply to this msg with TONE. Gr8 TOP 20 tones to your phone every week just å£1.50 per wk 2 opt out send STOP 08452810071 16,spam,spam,spam,spam,spam,spam,spam,1.0
"I've got  &lt;#&gt; , any way I could pick up?",not spam,not spam,not spam,not spam,not spam,not spam,not spam,0.0
"I dont knw pa, i just drink milk..",not spam,not spam,not spam,not spam,not spam,not spam,not spam,0.0
Cause I'm not freaky lol,not spam,not spam,not spam,not spam,not spam,not spam,not spam,0.0
Missed your call cause I was yelling at scrappy. Miss u. Can't wait for u to come home. I'm so lonely today.,not spam,not spam,not spam,not spam,not spam,not spam,not spam,0.0
What is this 'hex' place you talk of? Explain!,not spam,not spam,not spam,not spam,not spam,not spam,not spam,0.0
Hi I'm sue. I am 20 years old and work as a lapdancer. I love sex. Text me live - I'm i my bedroom now. text SUE to 89555. By TextOperator G2 1DA 150ppmsg 18+,spam,spam,spam,spam,spam,spam,spam,1.0
"Every King Was Once A Crying Baby And Every Great Building Was Once A Map.. Not Imprtant Where U r TODAY, BUT Where U Wil Reach TOMORW. Gud ni8",not spam,spam,spam,spam,spam,not spam,spam,0.8
<Forwarded from 448712404000>Please CALL 08712404000 immediately as there is an urgent message waiting for you.,spam,spam,spam,spam,spam,spam,spam,1.0
Ah poop. Looks like ill prob have to send in my laptop to get fixed cuz it has a gpu problem,not spam,not spam,not spam,not spam,not spam,not spam,not spam,0.0
Good. Good job. I like entrepreneurs,not spam,not spam,not spam,not spam,not spam,not spam,not spam,0.0
"Thats a bit weird, even ?- where is the do supposed to be happening? But good idea, sure they will be in pub!",not spam,not spam,not spam,not spam,not spam,not spam,not spam,0.0
True dear..i sat to pray evening and felt so.so i sms'd you in some time...,not spam,not spam,not spam,not spam,not spam,not spam,not spam,0.0
Quite late lar... Ard 12 anyway i wun b drivin...,not spam,not spam,spam,not spam,not spam,not spam,not spam,0.2
"To review and KEEP the fantastic Nokia N-Gage game deck with Club Nokia, go 2 www.cnupdates.com/newsletter. unsubscribe from alerts reply with the word OUT",spam,spam,spam,spam,spam,spam,spam,1.0
4mths half price Orange line rental & latest camera phones 4 FREE. Had your phone 11mths+? Call MobilesDirect free on 08000938767 to update now! or2stoptxt T&Cs,spam,spam,spam,spam,spam,spam,spam,1.0
08714712388 between 10am-7pm Cost 10p,spam,spam,spam,spam,spam,spam,spam,1.0
"Save yourself the stress. If the person has a dorm account, just send your account details and the money will be sent to you.",not spam,spam,spam,spam,spam,spam,spam,1.0
He also knows about lunch menu only da. . I know,not spam,not spam,not spam,not spam,not spam,not spam,not spam,0.0
When i have stuff to sell i.ll tell you,not spam,not spam,spam,not spam,spam,not spam,not spam,0.4
+449071512431 URGENT! This is the 2nd attempt to contact U!U have WON å£1250 CALL 09071512433 b4 050703 T&CsBCM4235WC1N3XX. callcost 150ppm mobilesvary. maxå£7. 50,spam,spam,spam,spam,spam,spam,spam,1.0
You have WON a guaranteed å£1000 cash or a å£2000 prize. To claim yr prize call our customer service representative on 08714712394 between 10am-7pm,spam,spam,spam,spam,spam,spam,spam,1.0
That is wondar full flim.,not spam,not spam,not spam,not spam,not spam,not spam,not spam,0.0
Ya even those cookies have jelly on them,not spam,not spam,not spam,not spam,not spam,not spam,not spam,0.0
Of cos can lar i'm not so ba dao ok... 1 pm lor... Y u never ask where we go ah... I said u would ask on fri but he said u will ask today...,not spam,not spam,spam,not spam,not spam,not spam,not spam,0.2
Email AlertFrom: Jeri StewartSize: 2KBSubject: Low-cost prescripiton drvgsTo listen to email call 123,spam,spam,spam,spam,spam,spam,spam,1.0
No he didn't. Spring is coming early yay!,not spam,not spam,not spam,not spam,not spam,not spam,not spam,0.0
Leaving to qatar tonite in search of an opportunity.all went fast.pls add me in ur prayers dear.Rakhesh,not spam,not spam,spam,not spam,not spam,not spam,not spam,0.2
Then why no one talking to me,not spam,not spam,not spam,not spam,not spam,not spam,not spam,0.0
Thanks for looking out for me. I really appreciate.,not spam,not spam,not spam,not spam,not spam,not spam,not spam,0.0
Hi. Customer Loyalty Offer:The NEW Nokia6650 Mobile from ONLY å£10 at TXTAUCTION! Txt word: START to No: 81151 & get yours Now! 4T&Ctxt TC 150p/MTmsg,spam,spam,spam,spam,spam,spam,spam,1.0
Yes i will be there. Glad you made it.,not spam,not spam,not spam,not spam,not spam,not spam,not spam,0.0
Do well :)all will for little time. Thing of good times ahead:,not spam,not spam,spam,not spam,not spam,not spam,not spam,0.2
Just got up. have to be out of the room very soon. Û_. i hadn't put the clocks back til at 8 i shouted at everyone to get up and then realised it was 7. wahay. another hour in bed.,not spam,not spam,not spam,not spam,not spam,not spam,not spam,0.0
Dunno he jus say go lido. Same time 930.,not spam,not spam,not spam,not spam,not spam,not spam,not spam,0.0
"I promise to take good care of you, princess. I have to run now. Please send pics when you get a chance. Ttyl!",not spam,not spam,spam,spam,spam,not spam,spam,0.6
U are subscribed to the best Mobile Content Service in the UK for å£3 per 10 days until you send STOP to 82324. Helpline 08706091795,spam,spam,spam,spam,spam,spam,spam,1.0
Is there a reason we've not spoken this year? Anyways have a great week and all the best in your exam,not spam,not spam,not spam,not spam,not spam,not spam,not spam,0.0
"Do you realize that in about 40 years, we'll have thousands of old ladies running around with tattoos?",spam,not spam,not spam,not spam,not spam,not spam,not spam,0.0
You have an important customer service announcement from PREMIER.,spam,spam,not spam,spam,not spam,spam,spam,0.6
When did you get to the library,not spam,not spam,not spam,not spam,not spam,not spam,not spam,0.0
Realy sorry-i don't recognise this number and am now confused :) who r u please?! ,not spam,not spam,not spam,not spam,not spam,not spam,not spam,0.0
So why didnt you holla?,not spam,not spam,not spam,not spam,not spam,not spam,not spam,0.0
"Faith makes things possible,Hope makes things work,Love makes things beautiful,May you have all three this Christmas!Merry Christmas!",not spam,not spam,not spam,not spam,not spam,not spam,not spam,0.0
"Call me when you/carlos is/are here, my phone's vibrate is acting up and I might not hear texts",not spam,not spam,not spam,not spam,not spam,not spam,not spam,0.0
"Romantic Paris. 2 nights, 2 flights from å£79 Book now 4 next year. Call 08704439680Ts&Cs apply.",spam,spam,spam,spam,spam,spam,spam,1.0
Urgent Ur å£500 guaranteed award is still unclaimed! Call 09066368327 NOW closingdate04/09/02 claimcode M39M51 å£1.50pmmorefrommobile2Bremoved-MobyPOBox734LS27YF,spam,spam,spam,spam,spam,spam,spam,1.0
UR awarded a City Break and could WIN a å£200 Summer Shopping spree every WK. Txt STORE to 88039 . SkilGme. TsCs087147403231Winawk!Age16 å£1.50perWKsub,spam,spam,spam,spam,spam,spam,spam,1.0
Happy New year my dear brother. I really do miss you. Just got your number and decided to send you this text wishing you only happiness. Abiola,not spam,not spam,not spam,not spam,not spam,not spam,not spam,0.0
You have an important customer service announcement from PREMIER. Call FREEPHONE 0800 542 0578 now!,spam,spam,spam,spam,spam,spam,spam,1.0
Dont think so. It turns off like randomlly within 5min of opening,not spam,not spam,not spam,not spam,not spam,not spam,not spam,0.0
Ever thought about living a good life with a perfect partner? Just txt back NAME and AGE to join the mobile community. (100p/SMS),spam,spam,spam,spam,spam,spam,spam,1.0
"5 Free Top Polyphonic Tones call 087018728737, National Rate. Get a toppoly tune sent every week, just text SUBPOLY to 81618, å£3 per pole. UnSub 08718727870.",spam,spam,spam,spam,spam,spam,spam,1.0
All e best 4 ur driving tmr :-),not spam,not spam,spam,spam,not spam,not spam,not spam,0.4
Y?WHERE U AT DOGBREATH? ITS JUST SOUNDING LIKE JAN C THATåÕS AL!!!!!!!!!,not spam,spam,spam,not spam,not spam,not spam,not spam,0.4
"Orange customer, you may now claim your FREE CAMERA PHONE upgrade for your loyalty. Call now on 0207 153 9996. Offer ends 14thMarch. T&C's apply. Opt-out availa",spam,spam,spam,spam,spam,spam,spam,1.0
"\Petey boy whereare you me and all your friendsare in theKingshead come down if you canlove Nic\""""",not spam,not spam,spam,spam,spam,not spam,spam,0.6
"\Gimme a few\"" was  &lt;#&gt;  minutes ago""",not spam,not spam,not spam,spam,not spam,spam,not spam,0.4
"Last Chance! Claim ur å£150 worth of discount vouchers today! Text SHOP to 85023 now! SavaMob, offers mobile! T Cs SavaMob POBOX84, M263UZ. å£3.00 Sub. 16",spam,spam,spam,spam,spam,spam,spam,1.0
FREE for 1st week! No1 Nokia tone 4 ur mobile every week just txt NOKIA to 8077 Get txting and tell ur mates. www.getzed.co.uk POBox 36504 W45WQ 16+ norm150p/tone,spam,spam,spam,spam,spam,spam,spam,1.0
You have won a guaranteed å£200 award or even å£1000 cashto claim UR award call free on 08000407165 (18+) 2 stop getstop on 88222 PHP. RG21 4JX,spam,spam,spam,spam,spam,spam,spam,1.0
S:)s.nervous  &lt;#&gt; :),not spam,not spam,not spam,not spam,not spam,not spam,not spam,0.0
So there's a ring that comes with the guys costumes. It's there so they can gift their future yowifes. Hint hint,not spam,not spam,spam,spam,spam,not spam,spam,0.6
Congratulations ur awarded either å£500 of CD gift vouchers & Free entry 2 our å£100 weekly draw txt MUSIC to 87066 TnCs www.Ldew.com1win150ppmx3age16,spam,spam,spam,spam,spam,spam,spam,1.0
"U were outbid by simonwatson5120 on the Shinco DVD Plyr. 2 bid again, visit sms. ac/smsrewards 2 end bid notifications, reply END OUT",spam,spam,spam,spam,spam,spam,spam,1.0
"He has lots of used ones babe, but the model doesn't help. Youi have to bring it over and he'll match it up",not spam,not spam,spam,not spam,not spam,not spam,not spam,0.2
"\BOO BABE! U ENJOYIN YOURJOB? U SEEMED 2 B GETTIN ON WELL HUNNY!HOPE URE OK?TAKE CARE & IåÕLLSPEAK 2U SOONLOTS OF LOVEME XXXX.\""""",not spam,not spam,spam,spam,spam,not spam,spam,0.6
Good afternoon starshine! How's my boytoy? Does he crave me yet? Ache to fuck me ? *sips cappuccino* I miss you babe *teasing kiss*,not spam,spam,spam,spam,spam,spam,spam,1.0
"SMSSERVICES. for yourinclusive text credits, pls goto www.comuk.net login= 3qxj9 unsubscribe with STOP, no extra charge. help 08702840625.COMUK. 220-CM2 9AE",spam,spam,spam,spam,spam,spam,spam,1.0
25p 4 alfie Moon's Children in need song on ur mob. Tell ur m8s. Txt Tone charity to 8007 for Nokias or Poly charity for polys: zed 08701417012 profit 2 charity.,spam,spam,spam,spam,spam,spam,spam,1.0
Have a good evening! Ttyl,not spam,not spam,not spam,not spam,not spam,not spam,not spam,0.0
Hey. You got any mail?,not spam,not spam,not spam,not spam,not spam,not spam,not spam,0.0
"Sorry light turned green, I meant another friend wanted  &lt;#&gt;  worth but he may not be around",not spam,not spam,not spam,not spam,not spam,not spam,not spam,0.0
U have a secret admirer. REVEAL who thinks U R So special. Call 09065174042. To opt out Reply REVEAL STOP. 1.50 per msg recd. Cust care 07821230901,spam,spam,spam,spam,spam,spam,spam,1.0
"Dear Voucher Holder, To claim this weeks offer, at you PC please go to http://www.e-tlp.co.uk/expressoffer Ts&Cs apply. To stop texts, txt STOP to 80062",spam,spam,spam,spam,spam,spam,spam,1.0
Good Morning my Dear........... Have a great &amp; successful day.,not spam,not spam,not spam,not spam,not spam,not spam,not spam,0.0
Do you want 750 anytime any network mins 150 text and a NEW VIDEO phone for only five pounds per week call 08002888812 or reply for delivery tomorrow,spam,spam,spam,spam,spam,spam,spam,1.0
"Sir, I have been late in paying rent for the past few months and had to pay a $ &lt;#&gt;  charge. I felt it would be inconsiderate of me to nag about something you give at great cost to yourself and that's why i didnt speak up. I however am in a recession and wont be able to pay the charge this month hence my askin well ahead of month's end. Can you please help. Thanks",not spam,not spam,not spam,not spam,not spam,not spam,not spam,0.0
We tried to contact you re our offer of New Video Phone 750 anytime any network mins HALF PRICE Rental camcorder call 08000930705 or reply for delivery Wed,spam,spam,spam,spam,spam,spam,spam,1.0
Last chance 2 claim ur å£150 worth of discount vouchers-Text YES to 85023 now!SavaMob-member offers mobile T Cs 08717898035. å£3.00 Sub. 16 . Remove txt X or STOP,spam,spam,spam,spam,spam,spam,spam,1.0
I luv u soo much u donåÕt understand how special u r 2 me ring u 2morrow luv u xxx,not spam,spam,spam,spam,not spam,not spam,spam,0.6
"Pls send me a comprehensive mail about who i'm paying, when and how much.",not spam,not spam,not spam,not spam,not spam,not spam,not spam,0.0
Our Prashanthettan's mother passed away last night. pray for her and family.,not spam,not spam,not spam,not spam,not spam,not spam,not spam,0.0
"Urgent! call 09066350750 from your landline. Your complimentary 4* Ibiza Holiday or 10,000 cash await collection SAE T&Cs PO BOX 434 SK3 8WP 150 ppm 18+ ",spam,spam,**spam**,spam,spam,spam,spam,0.8
K.k:)when are you going?,not spam,not spam,not spam,not spam,not spam,not spam,not spam,0.0
My stomach has been thru so much trauma I swear I just can't eat. I better lose weight.,not spam,not spam,not spam,not spam,not spam,not spam,not spam,0.0
"Today's Offer! Claim ur å£150 worth of discount vouchers! Text YES to 85023 now! SavaMob, member offers mobile! T Cs 08717898035. å£3.00 Sub. 16 . Unsub reply X",spam,spam,spam,spam,spam,spam,spam,1.0
"I am real, baby! I want to bring out your inner tigress...",not spam,spam,spam,spam,spam,spam,spam,1.0
Talk sexy!! Make new friends or fall in love in the worlds most discreet text dating service. Just text VIP to 83110 and see who you could meet.,spam,spam,spam,spam,spam,spam,spam,1.0
Hai ana tomarrow am coming on morning.  &lt;DECIMAL&gt;  ill be there in sathy then we ll go to RTO office. Reply me after came to home.,not spam,spam,not spam,spam,not spam,not spam,not spam,0.4
Did he just say somebody is named tampa,not spam,not spam,not spam,not spam,not spam,not spam,not spam,0.0
In work now. Going have in few min.,not spam,not spam,not spam,not spam,not spam,not spam,not spam,0.0
Your brother is a genius,not spam,not spam,not spam,not spam,not spam,not spam,not spam,0.0
Dude ive been seeing a lotta corvettes lately,not spam,not spam,not spam,not spam,not spam,not spam,not spam,0.0
Congratulations ur awarded either a yrs supply of CDs from Virgin Records or a Mystery Gift GUARANTEED Call 09061104283 Ts&Cs www.smsco.net å£1.50pm approx 3mins,spam,spam,spam,spam,spam,spam,spam,1.0
"Same here, but I consider walls and bunkers and shit important just because I never play on peaceful but I guess your place is high enough that it don't matter",not spam,not spam,spam,not spam,not spam,not spam,not spam,0.2
PRIVATE! Your 2003 Account Statement for 07808 XXXXXX shows 800 un-redeemed S. I. M. points. Call 08719899217 Identifier Code: 41685 Expires 07/11/04,spam,spam,spam,spam,spam,spam,spam,1.0
Hello. We need some posh birds and chaps to user trial prods for champneys. Can i put you down? I need your address and dob asap. Ta r,spam,spam,spam,spam,spam,spam,spam,1.0
What do U want for Xmas? How about 100 free text messages & a new video phone with half price line rental? Call free now on 0800 0721072 to find out more!,spam,spam,spam,spam,spam,spam,spam,1.0
Its going good...no problem..but still need little experience to understand american customer voice...,not spam,not spam,not spam,not spam,not spam,not spam,not spam,0.0
Ugh its been a long day. I'm exhausted. Just want to cuddle up and take a nap,not spam,not spam,not spam,not spam,not spam,not spam,not spam,0.0
"Shop till u Drop, IS IT YOU, either 10K, 5K, å£500 Cash or å£100 Travel voucher, Call now, 09064011000. NTT PO Box CR01327BT fixedline Cost 150ppm mobile vary",spam,spam,spam,spam,spam,spam,spam,1.0
Sunshine Quiz Wkly Q! Win a top Sony DVD player if u know which country Liverpool played in mid week? Txt ansr to 82277. å£1.50 SP:Tyrone,spam,spam,spam,spam,spam,spam,spam,1.0
U have a secret admirer who is looking 2 make contact with U-find out who they R*reveal who thinks UR so special-call on 09058094565,spam,spam,spam,spam,spam,spam,spam,1.0
U have a Secret Admirer who is looking 2 make contact with U-find out who they R*reveal who thinks UR so special-call on 09065171142-stopsms-08,spam,spam,spam,spam,spam,spam,spam,1.0
Reminder: You have not downloaded the content you have already paid for. Goto http://doit. mymoby. tv/ to collect your content.,spam,spam,spam,spam,spam,spam,spam,1.0
Dude we should go sup again,not spam,not spam,not spam,not spam,not spam,not spam,not spam,0.0
Yoyyooo u know how to change permissions for a drive in mac. My usb flash drive,not spam,not spam,not spam,not spam,not spam,not spam,not spam,0.0
Why do you ask princess?,not spam,not spam,not spam,not spam,not spam,not spam,not spam,0.0
I am great princess! What are you thinking about me? :),not spam,not spam,not spam,not spam,not spam,not spam,not spam,0.0
Doesn't g have class early tomorrow and thus shouldn't be trying to smoke at  &lt;#&gt;,not spam,not spam,spam,spam,not spam,not spam,not spam,0.4
"Superb Thought- \Be grateful that u dont have everything u want. That means u still have an opportunity to be happier tomorrow than u are today.\"":-)""",not spam,not spam,not spam,not spam,not spam,not spam,not spam,0.0
"Thursday night? Yeah, sure thing, we'll work it out then",not spam,not spam,not spam,not spam,not spam,not spam,not spam,0.0
"Your free ringtone is waiting to be collected. Simply text the password \MIX\"" to 85069 to verify. Get Usher and Britney. FML",spam,spam,spam,spam,spam,spam,spam,1.0
How is it possible to teach you. And where.,not spam,not spam,not spam,not spam,not spam,not spam,not spam,0.0
Lovely smell on this bus and it ain't tobacco... ,not spam,not spam,not spam,not spam,not spam,not spam,not spam,0.0
"We're all getting worried over here, derek and taylor have already assumed the worst",not spam,not spam,not spam,not spam,not spam,not spam,not spam,0.0
"all the lastest from Stereophonics, Marley, Dizzee Racal, Libertines and The Strokes! Win Nookii games with Flirt!! Click TheMob WAP Bookmark or text WAP to 82468",spam,spam,spam,spam,spam,spam,spam,1.0
"January Male Sale! Hot Gay chat now cheaper, call 08709222922. National rate from 1.5p/min cheap to 7.8p/min peak! To stop texts call 08712460324 (10p/min)",spam,spam,spam,spam,spam,spam,spam,1.0
"Call me da, i am waiting for your call.",not spam,not spam,not spam,not spam,not spam,not spam,not spam,0.0
Was actually about to send you a reminder today. Have a wonderful weekend,not spam,not spam,not spam,not spam,not spam,not spam,not spam,0.0
But I'm on a diet. And I ate 1 too many slices of pizza yesterday. Ugh I'm ALWAYS on a diet.,not spam,not spam,not spam,not spam,not spam,not spam,not spam,0.0
K:)i will give my kvb acc details:),not spam,spam,spam,spam,spam,spam,spam,1.0
money!!! you r a lucky winner ! 2 claim your prize text money 2 88600 over å£1million to give away ! ppt150x3+normal text rate box403 w1t1jy,spam,spam,spam,spam,spam,spam,spam,1.0
Congratulations ore mo owo re wa. Enjoy it and i wish you many happy moments to and fro wherever you go,not spam,spam,spam,spam,not spam,not spam,spam,0.6
"Dear Matthew please call 09063440451 from a landline, your complimentary 4*Lux Tenerife holiday or å£1000 CASH await collection. ppm150 SAE T&Cs Box334 SK38XH.",spam,spam,spam,spam,spam,spam,spam,1.0
Then dun wear jeans lor...,not spam,not spam,not spam,not spam,not spam,not spam,not spam,0.0
"Urgent! call 09061749602 from Landline. Your complimentary 4* Tenerife Holiday or å£10,000 cash await collection SAE T&Cs BOX 528 HP20 1YF 150ppm 18+",spam,spam,spam,spam,spam,spam,spam,1.0
No we sell it all so we'll have tons if coins. Then sell our coins to someone thru paypal. Voila! Money back in life pockets:),not spam,spam,spam,spam,spam,spam,spam,1.0
How about getting in touch with folks waiting for company? Just txt back your NAME and AGE to opt in! Enjoy the community (150p/SMS),spam,spam,spam,spam,spam,spam,spam,1.0
"I sent my scores to sophas and i had to do secondary application for a few schools. I think if you are thinking of applying, do a research on cost also. Contact joke ogunrinde, her school is one me the less expensive ones",not spam,not spam,spam,spam,spam,not spam,spam,0.6
Ur cash-balance is currently 500 pounds - to maximize ur cash-in now send GO to 86688 only 150p/msg. CC: 08718720201 PO BOX 114/14 TCR/W1,spam,spam,spam,spam,spam,spam,spam,1.0
Hey i booked the kb on sat already... what other lessons are we going for ah? Keep your sat night free we need to meet and confirm our lodging ,not spam,not spam,not spam,not spam,not spam,not spam,not spam,0.0
Filthy stories and GIRLS waiting for your,spam,spam,spam,spam,spam,spam,spam,1.0
Sorry i now then c ur msg... Yar lor so poor thing... But only 4 one night... Tmr u'll have a brand new room 2 sleep in...,not spam,spam,not spam,spam,spam,not spam,spam,0.6
U sure u can't take any sick time?,not spam,not spam,not spam,not spam,not spam,not spam,not spam,0.0
URGENT! We are trying to contact U. Todays draw shows that you have won a å£800 prize GUARANTEED. Call 09050001808 from land line. Claim M95. Valid12hrs only,spam,spam,spam,spam,spam,spam,spam,1.0
"Watching cartoon, listening music &amp; at eve had to go temple &amp; church.. What about u?",not spam,not spam,not spam,not spam,not spam,not spam,not spam,0.0
Yo chad which gymnastics class do you wanna take? The site says Christians class is full..,not spam,not spam,not spam,not spam,not spam,not spam,not spam,0.0
what is your account number?,not spam,not spam,not spam,not spam,not spam,spam,not spam,0.2
Ok i shall talk to him,not spam,not spam,not spam,not spam,not spam,not spam,not spam,0.0
If he started searching he will get job in few days.he have great potential and talent.,not spam,spam,not spam,not spam,not spam,not spam,not spam,0.2
Reckon need to be in town by eightish to walk from * carpark.,not spam,not spam,not spam,not spam,not spam,not spam,not spam,0.0
"Congrats! 2 mobile 3G Videophones R yours. call 09063458130 now! videochat wid your mates, play java games, Dload polyPH music, noline rentl.",spam,spam,spam,spam,spam,spam,spam,1.0
Carlos says he'll be at mu in  &lt;#&gt;  minutes,not spam,not spam,not spam,not spam,not spam,not spam,not spam,0.0
"Yun ah.the ubi one say if Ì_ wan call by tomorrow.call 67441233 look for irene.ere only got bus8,22,65,61,66,382. Ubi cres,ubi tech park.6ph for 1st 5wkg days.Ì¬n",not spam,spam,spam,spam,spam,spam,spam,1.0
26th OF JULY,not spam,spam,not spam,not spam,not spam,spam,not spam,0.4
"I can't, I don't have her number!",not spam,not spam,not spam,not spam,not spam,not spam,not spam,0.0
Yetunde i'm in class can you not run water on it to make it ok. Pls now.,not spam,not spam,not spam,not spam,not spam,not spam,not spam,0.0
"Aight will do, thanks again for comin out",not spam,not spam,not spam,not spam,not spam,not spam,not spam,0.0
Please call our customer service representative on FREEPHONE 0808 145 4742 between 9am-11pm as you have WON a guaranteed å£1000 cash or å£5000 prize!,spam,spam,spam,spam,spam,spam,spam,1.0
Panasonic & BluetoothHdset FREE. Nokia FREE. Motorola FREE & DoubleMins & DoubleTxt on Orange contract. Call MobileUpd8 on 08000839402 or call 2optout,spam,spam,spam,spam,spam,spam,spam,1.0
"Dear Hero,i am leaving to qatar tonite for an apt opportunity.pls do keep in touch at  &lt;EMAIL&gt; ,kerala",not spam,spam,spam,spam,spam,not spam,spam,0.8
"I just got home babe, are you still awake ?",not spam,not spam,not spam,not spam,not spam,not spam,not spam,0.0
"Dear,regret i cudnt pick call.drove down frm ctla now at cochin home.left mobile in car..ente style ishtamayoo?happy bakrid!",not spam,spam,not spam,not spam,not spam,not spam,not spam,0.2
FREE for 1st week! No1 Nokia tone 4 ur mob every week just txt NOKIA to 8007 Get txting and tell ur mates www.getzed.co.uk POBox 36504 W45WQ norm150p/tone 16+,spam,spam,spam,spam,spam,spam,spam,1.0
Shall i send that exe to your mail id.,not spam,spam,spam,not spam,spam,spam,spam,0.8
Don know..wait i will check it.,not spam,not spam,not spam,not spam,not spam,not spam,not spam,0.0
Guess what! Somebody you know secretly fancies you! Wanna find out who it is? Give us a call on 09065394514 From Landline DATEBox1282EssexCM61XN 150p/min 18,spam,spam,spam,spam,spam,spam,spam,1.0
Yes da. Any plm at ur office,not spam,not spam,spam,not spam,spam,not spam,not spam,0.4
Are you not around or just still asleep? :V,not spam,not spam,not spam,not spam,not spam,not spam,not spam,0.0
"Lol you forgot it eh ? Yes, I'll bring it in babe",not spam,not spam,not spam,not spam,not spam,not spam,not spam,0.0
Can not use foreign stamps in this country. Good lecture .,not spam,not spam,not spam,not spam,not spam,not spam,not spam,0.0
Yup bathe liao...,not spam,not spam,not spam,not spam,not spam,not spam,not spam,0.0
ZOE IT JUST HIT ME 2 IM FUCKING SHITIN MYSELF IL DEFO TRY MY HARDEST 2 CUM 2MOROW LUV U MILLIONS LEKDOG,not spam,spam,spam,spam,spam,not spam,spam,0.8
"naughty little thought: 'its better to flirt, flirt n flirt, rather than loving someone n gettin hurt, hurt n hurt...:-) Gud nyt",not spam,spam,spam,spam,not spam,spam,spam,0.8
"Edison has rightly said, \A fool can ask more questions than a wise man can answer\"" Now you know why all of us are speechless during ViVa.. GM",not spam,not spam,not spam,spam,not spam,not spam,not spam,0.2
They just talking thats it de. They wont any other.,not spam,not spam,spam,not spam,not spam,not spam,not spam,0.2
I'm in class. Will holla later,not spam,not spam,not spam,not spam,not spam,not spam,not spam,0.0
"We know someone who you know that fancies you. Call 09058097218 to find out who. POBox 6, LS15HB 150p",spam,spam,spam,spam,spam,spam,spam,1.0
"1000's flirting NOW! Txt GIRL or BLOKE & ur NAME & AGE, eg GIRL ZOE 18 to 8007 to join and get chatting!",spam,spam,spam,spam,spam,spam,spam,1.0
18 days to Euro2004 kickoff! U will be kept informed of all the latest news and results daily. Unsubscribe send GET EURO STOP to 83222.,spam,spam,spam,spam,spam,spam,spam,1.0
Tell me they're female :V how're you throwing in? We're deciding what all to get now,not spam,not spam,not spam,not spam,not spam,not spam,not spam,0.0
EASTENDERS TV Quiz. What FLOWER does DOT compare herself to? D= VIOLET E= TULIP F= LILY txt D E or F to 84025 NOW 4 chance 2 WIN å£100 Cash WKENT/150P16+,spam,spam,spam,spam,spam,spam,spam,1.0
We have new local dates in your area - Lots of new people registered in YOUR AREA. Reply DATE to start now! 18 only www.flirtparty.us REPLYS150,spam,spam,spam,spam,spam,spam,spam,1.0
Meeting u is my work. . . Tel me when shall i do my work tomorrow,not spam,not spam,not spam,not spam,not spam,not spam,not spam,0.0
Someone U know has asked our dating service 2 contact you! Cant Guess who? CALL 09058091854 NOW all will be revealed. PO BOX385 M6 6WU,spam,spam,spam,spam,spam,spam,spam,1.0
"alright, I'll make sure the car is back tonight",not spam,not spam,not spam,not spam,not spam,not spam,not spam,0.0
URGENT! We are trying to contact U. Todays draw shows that you have won a å£800 prize GUARANTEED. Call 09050003091 from land line. Claim C52. Valid12hrs only,spam,spam,spam,spam,spam,spam,spam,1.0
Dear U've been invited to XCHAT. This is our final attempt to contact u! Txt CHAT to 86688,spam,spam,spam,spam,spam,spam,spam,1.0
Lul im gettin some juicy gossip at the hospital. Two nurses are talking about how fat they are gettin. And one thinks shes obese. Oyea.,not spam,not spam,not spam,spam,not spam,not spam,not spam,0.2
Can u get pic msgs to your phone?,not spam,spam,not spam,spam,spam,not spam,spam,0.6
For me the love should start with attraction.i should feel that I need her every time around me.she should be the first thing which comes in my thoughts.I would start the day and end it with her.she should be there every time I dream.love will be then when my every breath has her name.my life should happen around her.my life will be named to her.I would cry for her.will give all my happiness and take all her sorrows.I will be ready to fight with anyone for her.I will be in love when I will be doing the craziest things for her.love will be when I don't have to proove anyone that my girl is the most beautiful lady on the whole planet.I will always be singing praises for her.love will be when I start up making chicken curry and end up makiing sambar.life will be the most beautiful then.will get every morning and thank god for the day because she is with me.I would like to say a lot..will tell later..,not spam,not spam,not spam,spam,not spam,not spam,not spam,0.2
"FR'NDSHIP is like a needle of a clock. Though V r in d same clock, V r nt able 2 met. Evn if V meet,itz only 4few seconds. Bt V alwys stay conected. Gud 9t;-)",not spam,not spam,not spam,not spam,not spam,not spam,not spam,0.0
I don't think he has spatula hands!,not spam,not spam,not spam,not spam,not spam,not spam,not spam,0.0
You are awarded a SiPix Digital Camera! call 09061221061 from landline. Delivery within 28days. T Cs Box177. M221BP. 2yr warranty. 150ppm. 16 . p på£3.99,spam,spam,spam,spam,spam,spam,spam,1.0
WIN URGENT! Your mobile number has been awarded with a å£2000 prize GUARANTEED call 09061790121 from land line. claim 3030 valid 12hrs only 150ppm ,spam,spam,spam,spam,spam,spam,spam,1.0
Please da call me any mistake from my side sorry da. Pls da goto doctor.,not spam,spam,not spam,spam,not spam,not spam,not spam,0.4
Where r we meeting?,not spam,not spam,not spam,not spam,not spam,not spam,not spam,0.0
Now only i reached home. . . I am very tired now. . I will come tomorro,not spam,not spam,not spam,not spam,not spam,not spam,not spam,0.0
Dear Subscriber ur draw 4 å£100 gift voucher will b entered on receipt of a correct ans. When was Elvis Presleys Birthday? TXT answer to 80062,spam,spam,spam,spam,spam,spam,spam,1.0
Aiyah sorry lor... I watch tv watch until i forgot 2 check my phone.,not spam,not spam,spam,not spam,not spam,not spam,not spam,0.2
Message Important information for O2 user. Today is your lucky day! 2 find out why log onto http://www.urawinner.com there is a fantastic surprise awaiting you,spam,spam,spam,spam,spam,spam,spam,1.0
"Good afternoon, my love. How goes your day ? What are you up to ? I woke early and am online waiting for you ... Hmmm ... Italian boy is online I see . *grins*",not spam,not spam,not spam,not spam,not spam,not spam,not spam,0.0
From someone not to smoke when every time I've smoked in the last two weeks is because of you calling or texting me that you wanted to smoke,not spam,not spam,not spam,not spam,not spam,not spam,not spam,0.0
S s..first time..dhoni rocks...,not spam,not spam,not spam,not spam,not spam,not spam,not spam,0.0
"No I'm good for the movie, is it ok if I leave in an hourish?",not spam,not spam,not spam,not spam,not spam,not spam,not spam,0.0
Hey... What time is your driving on fri? We go for evaluation on fri?,not spam,not spam,not spam,not spam,not spam,not spam,not spam,0.0
"449050000301 You have won a å£2,000 price! To claim, call 09050000301.",spam,spam,spam,spam,spam,spam,spam,1.0
"Bored of speed dating? Try SPEEDCHAT, txt SPEEDCHAT to 80155, if you don't like em txt SWAP and get a new chatter! Chat80155 POBox36504W45WQ 150p/msg rcd 16",spam,spam,spam,spam,spam,spam,spam,1.0
Do you want 750 anytime any network mins 150 text and a NEW video phone for only five pounds per week call 08000776320 now or reply for delivery Tomorrow,spam,spam,spam,spam,spam,spam,spam,1.0
Ok.ok ok..then..whats ur todays plan,not spam,not spam,not spam,not spam,not spam,not spam,not spam,0.0
For taking part in our mobile survey yesterday! You can now have 500 texts 2 use however you wish. 2 get txts just send TXT to 80160 T&C www.txt43.com 1.50p,spam,spam,spam,spam,spam,spam,spam,1.0
Ur HMV Quiz cash-balance is currently å£500 - to maximize ur cash-in now send HMV1 to 86688 only 150p/msg,spam,spam,spam,spam,spam,spam,spam,1.0
Howz pain?hope u r fine..,not spam,not spam,not spam,not spam,not spam,not spam,not spam,0.0
"As I entered my cabin my PA said, '' Happy B'day Boss !!''. I felt special. She askd me 4 lunch. After lunch she invited me to her apartment. We went there.",not spam,not spam,not spam,spam,not spam,not spam,not spam,0.2
U wake up already? Thanx 4 e tau sar piah it's quite nice.,not spam,not spam,not spam,not spam,not spam,not spam,not spam,0.0
K do I need a login or anything,not spam,not spam,not spam,not spam,not spam,not spam,not spam,0.0
Dont forget you can place as many FREE Requests with 1stchoice.co.uk as you wish. For more Information call 08707808226.,spam,spam,spam,spam,spam,spam,spam,1.0
What * u wearing?,not spam,not spam,not spam,not spam,not spam,not spam,not spam,0.0
I don't know u and u don't know me. Send CHAT to 86688 now and let's find each other! Only 150p/Msg rcvd. HG/Suite342/2Lands/Row/W1J6HL LDN. 18 years or over.,spam,spam,spam,spam,spam,spam,spam,1.0
"Thank you, winner notified by sms. Good Luck! No future marketing reply STOP to 84122 customer services 08450542832",spam,spam,spam,spam,spam,spam,spam,1.0
Babe ? I lost you ... :-(,not spam,not spam,not spam,not spam,not spam,not spam,not spam,0.0
Ok... Help me ask if she's working tmr a not?,not spam,not spam,not spam,not spam,not spam,not spam,not spam,0.0
"Sorry, I'll call later",not spam,not spam,not spam,not spam,not spam,not spam,not spam,0.0
Ok i go change also...,not spam,not spam,not spam,not spam,not spam,not spam,not spam,0.0
1000's of girls many local 2 u who r virgins 2 this & r ready 2 4fil ur every sexual need. Can u 4fil theirs? text CUTE to 69911(å£1.50p. m),spam,spam,spam,spam,spam,spam,spam,1.0
Did u find a sitter for kaitlyn? I was sick and slept all day yesterday.,not spam,not spam,not spam,not spam,not spam,not spam,not spam,0.0
He's an adult and would learn from the experience. There's no real danger. I just dont like peeps using drugs they dont need. But no comment,not spam,not spam,not spam,not spam,not spam,not spam,not spam,0.0
Yun buying... But school got offer 2000 plus only...,not spam,spam,spam,spam,not spam,not spam,spam,0.6
Free entry in 2 a wkly comp to win FA Cup final tkts 21st May 2005. Text FA to 87121 to receive entry question(std txt rate)T&C's apply 08452810075over18's,spam,spam,spam,spam,spam,spam,spam,1.0
Lol now I'm after that hot air balloon!,not spam,not spam,not spam,not spam,not spam,not spam,not spam,0.0
Ok . . now i am in bus. . If i come soon i will come otherwise tomorrow,not spam,not spam,not spam,not spam,not spam,not spam,not spam,0.0
"Got what it takes 2 take part in the WRC Rally in Oz? U can with Lucozade Energy! Text RALLY LE to 61200 (25p), see packs or lucozade.co.uk/wrc & itcould be u!",spam,spam,spam,spam,spam,spam,spam,1.0
"Did he say how fantastic I am by any chance, or anything need a bigger life lift as losing the will 2 live, do you think I would be the first person 2 die from N V Q? ",not spam,not spam,spam,spam,spam,not spam,spam,0.6
Just nw i came to hme da..,not spam,not spam,not spam,not spam,not spam,not spam,not spam,0.0
I'm in chennai velachery:),not spam,not spam,not spam,not spam,not spam,not spam,not spam,0.0
"Yo, you around? Just got my car back",not spam,not spam,not spam,not spam,not spam,not spam,not spam,0.0
There's no point hangin on to mr not right if he's not makin u happy,not spam,not spam,not spam,spam,not spam,not spam,not spam,0.2
I was up all night too worrying about this appt. It's a shame we missed a girls night out with quizzes popcorn and you doing my hair.,not spam,not spam,not spam,not spam,not spam,not spam,not spam,0.0
Sex up ur mobile with a FREE sexy pic of Jordan! Just text BABE to 88600. Then every wk get a sexy celeb! PocketBabe.co.uk 4 more pics. 16 å£3/wk 087016248,spam,spam,spam,spam,spam,spam,spam,1.0
You have 1 new voicemail. Please call 08719181503,spam,spam,not spam,spam,not spam,spam,spam,0.6
Otherwise had part time job na-tuition..,not spam,not spam,not spam,not spam,not spam,not spam,not spam,0.0
I know she called me,not spam,not spam,not spam,not spam,not spam,not spam,not spam,0.0
WIN a year supply of CDs 4 a store of ur choice worth å£500 & enter our å£100 Weekly draw txt MUSIC to 87066 Ts&Cs www.Ldew.com.subs16+1win150ppmx3,spam,spam,spam,spam,spam,spam,spam,1.0
"As a SIM subscriber, you are selected to receive a Bonus! Get it delivered to your door, Txt the word OK to No: 88600 to claim. 150p/msg, EXP. 30Apr",spam,spam,spam,spam,spam,spam,spam,1.0
Also maaaan are you missing out,not spam,not spam,not spam,not spam,not spam,not spam,not spam,0.0
Guessin you ain't gonna be here before 9?,not spam,not spam,not spam,not spam,not spam,not spam,not spam,0.0
Ok then i will come to ur home after half an hour,not spam,not spam,not spam,not spam,not spam,not spam,not spam,0.0
I'll text now! All creepy like so he won't think that we forgot,not spam,not spam,spam,spam,spam,not spam,spam,0.6
You have 1 new voicemail. Please call 08719181513.,spam,spam,spam,spam,spam,spam,spam,1.0
"Damn, can you make it tonight or do you want to just wait til tomorrow",not spam,not spam,not spam,not spam,not spam,not spam,not spam,0.0
K..k..i'm also fine:)when will you complete the course?,not spam,not spam,not spam,not spam,not spam,not spam,not spam,0.0
No. 1 Nokia Tone 4 ur mob every week! Just txt NOK to 87021. 1st Tone FREE ! so get txtin now and tell ur friends. 150p/tone. 16 reply HL 4info,spam,spam,spam,spam,spam,spam,spam,1.0
Rofl betta invest in some  anti aging products,not spam,spam,spam,spam,spam,not spam,spam,0.8
You are a winner U have been specially selected 2 receive å£1000 cash or a 4* holiday (flights inc) speak to a live operator 2 claim 0871277810810,spam,spam,spam,spam,spam,spam,spam,1.0
"sir, you will receive the account no another 1hr time. Sorry for the delay.",not spam,spam,spam,spam,spam,not spam,spam,0.8
Reply with your name and address and YOU WILL RECEIVE BY POST a weeks completely free accommodation at various global locations www.phb1.com ph:08700435505150p,spam,spam,spam,spam,spam,spam,spam,1.0
FREE entry into our å£250 weekly comp just send the word ENTER to 84128 NOW. 18 T&C www.textcomp.com cust care 08712405020.,spam,spam,spam,spam,spam,spam,spam,1.0
I want to send something that can sell fast.  &lt;#&gt; k is not easy money.,not spam,not spam,spam,spam,spam,not spam,spam,0.6
Lol ok. I'll snatch her purse too.,not spam,not spam,spam,not spam,spam,not spam,not spam,0.4
"\Hello-/@drivby-:0quit edrunk sorry iff pthis makes no senrd-dnot no how ^ dancce 2 drum n basq!ihave fun 2nhite x ros xxxxxxx\""""",not spam,spam,spam,spam,spam,not spam,spam,0.8
How much are we getting?,not spam,not spam,not spam,not spam,not spam,not spam,not spam,0.0
Is ur paper in e morn or aft tmr?,not spam,not spam,not spam,not spam,not spam,not spam,not spam,0.0
"Dear relieved of westonzoyland, all going to plan this end too!",not spam,spam,not spam,spam,not spam,not spam,not spam,0.4
Nobody can decide where to eat and dad wants Chinese,not spam,not spam,not spam,not spam,not spam,not spam,not spam,0.0
Please CALL 08712402779 immediately as there is an urgent message waiting for you,spam,spam,spam,spam,spam,spam,spam,1.0
"Not yet chikku..going to room nw, i'm in bus..",not spam,not spam,not spam,not spam,not spam,not spam,not spam,0.0
Am also doing in cbe only. But have to pay.,not spam,not spam,not spam,not spam,not spam,not spam,not spam,0.0
Honey boo I'm missing u.,not spam,not spam,not spam,not spam,not spam,not spam,not spam,0.0
"Yo, I'm at my parents' gettin cash. Good news: we picked up a downstem",not spam,not spam,spam,not spam,not spam,not spam,not spam,0.2
"Hungry gay guys feeling hungry and up 4 it, now. Call 08718730555 just 10p/min. To stop texts call 08712460324 (10p/min)",spam,spam,spam,spam,spam,spam,spam,1.0
Ok. No wahala. Just remember that a friend in need ...,not spam,not spam,not spam,not spam,not spam,not spam,not spam,0.0
\Hey sorry I didntgive ya a a bellearlier hunny,not spam,not spam,spam,spam,not spam,not spam,not spam,0.4
Can U get 2 phone NOW? I wanna chat 2 set up meet Call me NOW on 09096102316 U can cum here 2moro Luv JANE xx Callså£1/minmoremobsEMSPOBox45PO139WA,spam,spam,spam,spam,spam,spam,spam,1.0
"Sorry chikku, my cell got some problem thts y i was nt able to reply u or msg u..",not spam,not spam,spam,not spam,not spam,not spam,not spam,0.2
If you still havent collected the dough pls let me know so i can go to the place i sent it to get the control number,not spam,spam,spam,not spam,spam,not spam,spam,0.6
Ok...,not spam,not spam,not spam,not spam,not spam,not spam,not spam,0.0
network operator. The service is free. For T & C's visit 80488.biz,spam,spam,spam,spam,spam,spam,spam,1.0
Wot u up 2 u weirdo?,not spam,not spam,not spam,not spam,not spam,not spam,not spam,0.0
Dont put your phone on silent mode ok,not spam,not spam,not spam,not spam,not spam,not spam,not spam,0.0
Can i meet Ì_ at 5.. As 4 where depends on where Ì_ wan 2 in lor..,not spam,not spam,spam,spam,spam,not spam,spam,0.6
Waiting 4 my tv show 2 start lor... U leh still busy doing ur report?,not spam,not spam,spam,not spam,not spam,not spam,not spam,0.2
Oh ho. Is this the first time u use these type of words,not spam,not spam,not spam,spam,not spam,not spam,not spam,0.2
But if she.s drinkin i'm ok.,not spam,not spam,not spam,not spam,not spam,not spam,not spam,0.0
"What do you do, my dog ? Must I always wait till the end of your day to have word from you ? Did you run out of time on your cell already?",not spam,not spam,not spam,not spam,not spam,not spam,not spam,0.0
"Hey babe! I saw you came online for a second and then you disappeared, what happened ?",not spam,not spam,not spam,not spam,not spam,not spam,not spam,0.0
Sure! I am driving but will reach my destination soon.,not spam,not spam,not spam,not spam,not spam,not spam,not spam,0.0
Great to hear you are settling well. So what's happenin wit ola?,not spam,not spam,not spam,not spam,not spam,not spam,not spam,0.0
Those cocksuckers. If it makes you feel better ipads are worthless garbage novelty items and you should feel bad for even wanting one,not spam,not spam,spam,spam,spam,not spam,spam,0.6
I tot u reach liao. He said t-shirt.,not spam,not spam,not spam,not spam,not spam,not spam,not spam,0.0
I cant pick the phone right now. Pls send a message,not spam,not spam,not spam,not spam,not spam,not spam,not spam,0.0
Enjoy the jamster videosound gold club with your credits for 2 new videosounds+2 logos+musicnews! get more fun from jamster.co.uk! 16+only Help? call: 09701213186 ,spam,spam,spam,spam,spam,spam,spam,1.0
"Get 3 Lions England tone, reply lionm 4 mono or lionp 4 poly. 4 more go 2 www.ringtones.co.uk, the original n best. Tones 3GBP network operator rates apply",spam,spam,spam,spam,spam,spam,spam,1.0
How abt making some of the pics bigger?,not spam,not spam,not spam,not spam,not spam,not spam,not spam,0.0
Got but got 2 colours lor. One colour is quite light n e other is darker lor. Actually i'm done she's styling my hair now.,not spam,not spam,not spam,not spam,not spam,not spam,not spam,0.0
"Win the newest ÛÏHarry Potter and the Order of the Phoenix (Book 5) reply HARRY, answer 5 questions - chance to be the first among readers!",spam,spam,spam,spam,spam,spam,spam,1.0
Ok...,not spam,not spam,not spam,not spam,not spam,not spam,not spam,0.0
I thk 50 shd be ok he said plus minus 10.. Did Ì_ leave a line in between paragraphs?,not spam,not spam,not spam,not spam,not spam,not spam,not spam,0.0
Ur balance is now å£500. Ur next question is: Who sang 'Uptown Girl' in the 80's ? 2 answer txt ur ANSWER to 83600. Good luck!,spam,spam,spam,spam,spam,spam,spam,1.0
Good Morning plz call me sir,not spam,not spam,not spam,not spam,not spam,not spam,not spam,0.0
"Sometimes we put walls around our hearts,not just to be safe from getting hurt.. But to find out who cares enough to break the walls &amp; get closer.. GOODNOON:)",not spam,not spam,not spam,not spam,not spam,not spam,not spam,0.0
Then she buying today? ÌÏ no need to c meh...,not spam,spam,spam,spam,not spam,not spam,spam,0.6
Every monday..nxt week vl be completing..,not spam,not spam,spam,spam,not spam,not spam,not spam,0.4
Might ax well im there.,not spam,not spam,not spam,not spam,not spam,not spam,not spam,0.0
Were somewhere on Fredericksburg,not spam,not spam,not spam,not spam,not spam,not spam,not spam,0.0
Que pases un buen tiempo or something like that,not spam,not spam,not spam,not spam,not spam,not spam,not spam,0.0
"Nothing much, chillin at home. Any super bowl plan?",not spam,not spam,not spam,not spam,not spam,not spam,not spam,0.0
"FREE2DAY sexy St George's Day pic of Jordan!Txt PIC to 89080 dont miss out, then every wk a saucy celeb!4 more pics c PocketBabe.co.uk 0870241182716 å£3/wk",spam,spam,spam,spam,spam,spam,spam,1.0
Bugis oso near wat... ,not spam,not spam,not spam,not spam,not spam,not spam,not spam,0.0
"Good afternoon loverboy ! How goes you day ? Any luck come your way? I think of you, sweetie and send my love across the sea to make you smile and happy",not spam,spam,spam,not spam,not spam,spam,spam,0.6
"&lt;#&gt; %of pple marry with their lovers... becz they hav gud undrstndng dat avoids problems. i sent dis 2 u, u wil get gud news on friday by d person you like. And tomorrow will be the best day of your life. Dont break this chain. If you break you will suffer. send this to  &lt;#&gt;  frnds in &lt;#&gt;  mins whn u read...",not spam,spam,spam,spam,spam,spam,spam,1.0
What does the dance river do?,not spam,not spam,not spam,not spam,not spam,not spam,not spam,0.0
"HOT LIVE FANTASIES call now 08707509020 Just 20p per min NTT Ltd, PO Box 1327 Croydon CR9 5WB 0870..k",spam,spam,spam,spam,spam,spam,spam,1.0
Bbq this sat at mine from 6ish. Ur welcome 2 come,not spam,not spam,not spam,not spam,not spam,not spam,not spam,0.0
Did you try making another butt.,not spam,not spam,not spam,spam,spam,not spam,not spam,0.4
"1) Go to write msg 2) Put on Dictionary mode 3)Cover the screen with hand, 4)Press  &lt;#&gt; . 5)Gently remove Ur hand.. Its interesting..:)",not spam,spam,spam,spam,spam,not spam,spam,0.8
"Bears Pic Nick, and Tom, Pete and ... Dick. In fact, all types try gay chat with photo upload call 08718730666 (10p/min). 2 stop texts call 08712460324",spam,spam,spam,spam,spam,spam,spam,1.0
"500 New Mobiles from 2004, MUST GO! Txt: NOKIA to No: 89545 & collect yours today!From ONLY å£1 www.4-tc.biz 2optout 087187262701.50gbp/mtmsg18 TXTAUCTION",spam,spam,spam,spam,spam,spam,spam,1.0
We're finally ready fyi,not spam,not spam,not spam,not spam,not spam,not spam,not spam,0.0
Auntie huai juan never pick up her phone,not spam,not spam,not spam,not spam,not spam,not spam,not spam,0.0
Double Mins & Double Txt & 1/2 price Linerental on Latest Orange Bluetooth mobiles. Call MobileUpd8 for the very latest offers. 08000839402 or call2optout/LF56,spam,spam,spam,spam,spam,spam,spam,1.0
No. 1 Nokia Tone 4 ur mob every week! Just txt NOK to 87021. 1st Tone FREE ! so get txtin now and tell ur friends. 150p/tone. 16 reply HL 4info,spam,spam,spam,spam,spam,spam,spam,1.0
"Storming msg: Wen u lift d phne, u say \HELLO\"" Do u knw wt is d real meaning of HELLO?? . . . It's d name of a girl..! . . . Yes.. And u knw who is dat girl?? \""Margaret Hello\"" She is d girlfrnd f Grahmbell who invnted telphone... . . . . Moral:One can 4get d name of a person",not spam,spam,spam,spam,not spam,spam,spam,0.8
That's ok. I popped in to ask bout something and she said you'd been in. Are you around tonght wen this girl comes?,not spam,not spam,not spam,not spam,not spam,not spam,not spam,0.0
All e best 4 ur exam later.,not spam,not spam,spam,spam,not spam,not spam,not spam,0.4
Oh k.i think most of wi and nz players unsold.,not spam,not spam,not spam,not spam,not spam,not spam,not spam,0.0
"I wonder how you got online, my love ? Had you gone to the net cafe ? Did you get your phone recharged ? Were you on a friends net ? I think of you, boytoy",not spam,spam,spam,spam,not spam,not spam,spam,0.6
"Haha just kidding, papa needs drugs",not spam,spam,not spam,spam,spam,not spam,spam,0.6
Thats cool! I am a gentleman and will treat you with dignity and respect.,not spam,not spam,not spam,not spam,not spam,not spam,not spam,0.0
Kaiez... Enjoy ur tuition... Gee... Thk e second option sounds beta... I'll go yan jiu den msg u...,not spam,spam,spam,not spam,not spam,not spam,not spam,0.4
You have registered Sinco as Payee. Log in at icicibank.com and enter URN  &lt;#&gt;  to confirm. Beware of frauds. Do NOT share or disclose URN to anyone.,not spam,spam,spam,spam,not spam,not spam,spam,0.6
K..k..any special today?,not spam,not spam,not spam,not spam,not spam,not spam,not spam,0.0
"URGENT, IMPORTANT INFORMATION FOR O2 USER. TODAY IS YOUR LUCKY DAY! 2 FIND OUT WHY LOG ONTO HTTP://WWW.URAWINNER.COM THERE IS A FANTASTIC SURPRISE AWAITING FOR YOU",spam,spam,spam,spam,spam,spam,spam,1.0
"I've got ten bucks, jay is being noncomittal",not spam,not spam,not spam,not spam,not spam,not spam,not spam,0.0
"Wen ur lovable bcums angry wid u, dnt take it seriously.. Coz being angry is d most childish n true way of showing deep affection, care n luv!.. kettoda manda... Have nice day da.",not spam,not spam,spam,not spam,not spam,not spam,not spam,0.2
Dear U've been invited to XCHAT. This is our final attempt to contact u! Txt CHAT to 86688 150p/MsgrcvdHG/Suite342/2Lands/Row/W1J6HL LDN 18 yrs,spam,spam,spam,spam,spam,spam,spam,1.0
Lmao. Take a pic and send it to me.,not spam,not spam,not spam,not spam,not spam,not spam,not spam,0.0
"\Speak only when you feel your words are better than the silence...\"" Gud mrng:-)""",not spam,not spam,not spam,not spam,not spam,not spam,not spam,0.0
Congratulations ur awarded either å£500 of CD gift vouchers & Free entry 2 our å£100 weekly draw txt MUSIC to 87066 TnCs www.Ldew.com 1 win150ppmx3age16,spam,spam,spam,spam,spam,spam,spam,1.0
I'll be at mu in like  &lt;#&gt;  seconds,not spam,not spam,spam,spam,not spam,not spam,not spam,0.4
THING R GOOD THANX GOT EXAMS IN MARCH IVE DONE NO REVISION? IS FRAN STILL WITH BOYF? IVE GOTTA INTERVIW 4 EXETER BIT WORRIED!x,not spam,not spam,not spam,not spam,not spam,not spam,not spam,0.0
"Tell you what, if you make a little spreadsheet and track whose idea it was to smoke to determine who \smokes too much\"" for the entire month of february",not spam,spam,not spam,not spam,not spam,not spam,not spam,0.2
For sale - arsenal dartboard. Good condition but no doubles or trebles!,spam,spam,not spam,not spam,not spam,not spam,not spam,0.2
Don't look back at the building because you have no coat and i don't want you to get more sick. Just hurry home and wear a coat to the gym!!!,not spam,not spam,spam,not spam,not spam,not spam,not spam,0.2
"My painful personal thought- \I always try to keep everybody happy all the time. But nobody recognises me when i am alone\""""",not spam,not spam,not spam,not spam,not spam,not spam,not spam,0.0
You intrepid duo you! Have a great time and see you both soon. ,not spam,not spam,not spam,not spam,not spam,not spam,not spam,0.0
I asked sen to come chennai and search for job.,not spam,not spam,not spam,not spam,not spam,not spam,not spam,0.0
Dad went out oredi... ,not spam,not spam,not spam,not spam,not spam,not spam,not spam,0.0
In fact when do you leave? I think addie goes back to school tues or wed,not spam,not spam,not spam,not spam,not spam,not spam,not spam,0.0
Free 1st week entry 2 TEXTPOD 4 a chance 2 win 40GB iPod or å£250 cash every wk. Txt POD to 84128 Ts&Cs www.textpod.net custcare 08712405020.,spam,spam,spam,spam,spam,spam,spam,1.0
Those ducking chinchillas,not spam,not spam,not spam,not spam,not spam,not spam,not spam,0.0
I am in a marriage function,not spam,not spam,not spam,not spam,not spam,not spam,not spam,0.0
Looks like u wil b getting a headstart im leaving here bout 2.30ish but if u r desperate for my company I could head in earlier-we were goin to meet in rummer.,not spam,not spam,spam,not spam,not spam,not spam,not spam,0.2
As a registered optin subscriber ur draw 4 å£100 gift voucher will be entered on receipt of a correct ans to 80062 Whats No1 in the BBC charts,spam,spam,spam,spam,spam,spam,spam,1.0
say thanks2. ,not spam,not spam,spam,not spam,not spam,not spam,not spam,0.2
Summers finally here! Fancy a chat or flirt with sexy singles in yr area? To get MATCHED up just reply SUMMER now. Free 2 Join. OptOut txt STOP Help08714742804,spam,spam,spam,spam,spam,spam,spam,1.0
CLAIRE here am havin borin time & am now alone U wanna cum over 2nite? Chat now 09099725823 hope 2 C U Luv CLAIRE xx Callså£1/minmoremobsEMSPOBox45PO139WA,spam,spam,spam,spam,spam,spam,spam,1.0
Bought one ringtone and now getting texts costing 3 pound offering more tones etc,spam,spam,spam,spam,spam,spam,spam,1.0
"Yalru lyfu astne chikku.. Bt innu mundhe lyf ali halla ke bilo (marriage)program edhae, so lyf is nt yet ovr chikku..ali vargu lyfu meow meow:-D",not spam,not spam,spam,spam,not spam,not spam,not spam,0.4
"09066362231 URGENT! Your mobile No 07xxxxxxxxx won a å£2,000 bonus caller prize on 02/06/03! this is the 2nd attempt to reach YOU! call 09066362231 ASAP!",spam,spam,spam,spam,spam,spam,spam,1.0
"YOU 07801543489 are guaranteed the latests Nokia Phone, a 40GB iPod MP3 player or a å£500 prize! Txt word:COLLECT to No:83355! TC-LLC NY-USA 150p/Mt msgrcvd18+",spam,spam,spam,spam,spam,spam,spam,1.0
Hi its LUCY Hubby at meetins all day Fri & I will B alone at hotel U fancy cumin over? Pls leave msg 2day 09099726395 Lucy x Callså£1/minMobsmoreLKPOBOX177HP51FL,spam,spam,spam,spam,spam,spam,spam,1.0
Oh. U must have taken your REAL Valentine out shopping first.,not spam,not spam,spam,spam,not spam,not spam,not spam,0.4
"Nice. Wait...should you be texting right now? I'm not gonna pay your ticket, ya know!",not spam,not spam,not spam,not spam,not spam,not spam,not spam,0.0
Why you keeping me away like this,not spam,not spam,not spam,not spam,not spam,not spam,not spam,0.0
Have you always been saying welp?,not spam,not spam,not spam,not spam,not spam,not spam,not spam,0.0
"I'm a guy, browsin is compulsory",not spam,not spam,not spam,not spam,not spam,not spam,not spam,0.0
Ok...,not spam,not spam,not spam,not spam,not spam,not spam,not spam,0.0
"Your account has been credited with 500 FREE Text Messages. To activate, just txt the word: CREDIT to No: 80488 T&Cs www.80488.biz",spam,spam,spam,spam,spam,spam,spam,1.0
It has everything to do with the weather. Keep extra warm. Its a cold but nothing serious. Pls lots of vitamin c,not spam,not spam,not spam,not spam,not spam,not spam,not spam,0.0
"Time n Smile r the two crucial things in our life. Sometimes time makes us to forget smile, and sometimes someone's smile makes us to forget time gud noon",not spam,not spam,not spam,not spam,not spam,not spam,not spam,0.0
"SMS. ac JSco: Energy is high, but u may not know where 2channel it. 2day ur leadership skills r strong. Psychic? Reply ANS w/question. End? Reply END JSCO",spam,spam,spam,spam,spam,spam,spam,1.0
Host-based IDPS for linux systems.,not spam,not spam,not spam,not spam,not spam,not spam,not spam,0.0
"HOT LIVE FANTASIES call now 08707509020 Just 20p per min NTT Ltd, PO Box 1327 Croydon CR9 5WB 0870 is a national rate call",spam,spam,spam,spam,spam,spam,spam,1.0
Thanks for the Vote. Now sing along with the stars with Karaoke on your mobile. For a FREE link just reply with SING now.,spam,spam,spam,spam,spam,spam,spam,1.0
When u love someone Dont make them to love u as much as u do. But Love them so much that they dont want to be loved by anyone except you... Gud nit.,not spam,not spam,spam,not spam,not spam,not spam,not spam,0.2
Hows the champ just leaving glasgow!,not spam,not spam,not spam,not spam,not spam,not spam,not spam,0.0
K:)all the best:)congrats...,not spam,not spam,not spam,not spam,not spam,not spam,not spam,0.0
Our brand new mobile music service is now live. The free music player will arrive shortly. Just install on your phone to browse content from the top artists.,spam,spam,not spam,spam,not spam,spam,spam,0.6
"URGENT! Your Mobile No was awarded a å£2,000 Bonus Caller Prize on 1/08/03! This is our 2nd attempt to contact YOU! Call 0871-4719-523 BOX95QU BT National Rate",spam,spam,spam,spam,spam,spam,spam,1.0
Pls pls find out from aunt nike.,not spam,not spam,not spam,not spam,not spam,not spam,not spam,0.0
No screaming means shouting..,not spam,not spam,not spam,not spam,not spam,not spam,not spam,0.0
Remember on that day..,not spam,not spam,not spam,not spam,not spam,not spam,not spam,0.0
You have won a Nokia 7250i. This is what you get when you win our FREE auction. To take part send Nokia to 86021 now. HG/Suite342/2Lands Row/W1JHL 16+,spam,spam,spam,spam,spam,spam,spam,1.0
How's it feel? Mr. Your not my real Valentine just my yo Valentine even tho u hardly play!!,not spam,spam,spam,spam,not spam,not spam,spam,0.6
Do u konw waht is rael FRIENDSHIP Im gving yuo an exmpel: Jsut ese tihs msg.. Evrey splleing of tihs msg is wrnog.. Bt sitll yuo can raed it wihtuot ayn mitsake.. GOODNIGHT &amp; HAVE A NICE SLEEP..SWEET DREAMS..,not spam,spam,spam,spam,not spam,not spam,spam,0.6
Now press conference da:),not spam,spam,not spam,not spam,not spam,not spam,not spam,0.2
"Hello from Orange. For 1 month's free access to games, news and sport, plus 10 free texts and 20 photo messages, reply YES. Terms apply: www.orange.co.uk/ow",spam,spam,spam,spam,spam,spam,spam,1.0
"Good afternoon, my love ! Any job prospects ? Are you missing me ? What do you do ? Are you being lazy and bleak, hmmm ? Or happy and filled with my love ?",not spam,not spam,not spam,spam,spam,not spam,not spam,0.4
Bishan lar nearer... No need buy so early cos if buy now i gotta park my car...,not spam,not spam,spam,spam,not spam,not spam,not spam,0.4
"Me, i dont know again oh",not spam,not spam,not spam,not spam,not spam,not spam,not spam,0.0
Dude sux for snake. He got old and raiden got buff,not spam,not spam,not spam,not spam,not spam,not spam,not spam,0.0
Ok how you dear. Did you call chechi,not spam,not spam,not spam,not spam,not spam,not spam,not spam,0.0
Yeah we do totes. When u wanna?,not spam,not spam,not spam,not spam,not spam,not spam,not spam,0.0
Good sleep is about rhythm. The person has to establish a rhythm that the body will learn and use. If you want to know more :-),not spam,not spam,not spam,not spam,not spam,not spam,not spam,0.0
"Single line with a big meaning::::: \Miss anything 4 ur \""Best Life\"" but",not spam,spam,spam,spam,spam,spam,spam,1.0
Dnt worry...use ice pieces in a cloth pack.also take 2 tablets.,not spam,spam,spam,not spam,not spam,not spam,not spam,0.4
Dude just saw a parked car with its sunroof popped up. Sux,not spam,not spam,not spam,not spam,not spam,not spam,not spam,0.0
I am late. I will be there at,not spam,not spam,not spam,not spam,not spam,not spam,not spam,0.0
No:-)i got rumour that you going to buy apartment in chennai:-),not spam,not spam,spam,spam,not spam,not spam,not spam,0.4
Ur cash-balance is currently 500 pounds - to maximize ur cash-in now send GO to 86688 only 150p/msg. CC 08718720201 HG/Suite342/2Lands Row/W1J6HL,spam,spam,spam,spam,spam,spam,spam,1.0
SMS AUCTION - A BRAND NEW Nokia 7250 is up 4 auction today! Auction is FREE 2 join & take part! Txt NOKIA to 86021 now! HG/Suite342/2Lands Row/W1J6HL,spam,spam,spam,spam,spam,spam,spam,1.0
No. To be nosy I guess. Idk am I over reacting if I'm freaked?,not spam,not spam,not spam,not spam,not spam,not spam,not spam,0.0
How to Make a girl Happy? It's not at all difficult to make girls happy. U only need to be... 1. A friend 2. Companion 3. Lover 4. Chef . . .  &lt;#&gt; . Good listener  &lt;#&gt; . Organizer  &lt;#&gt; . Good boyfriend  &lt;#&gt; . Very clean  &lt;#&gt; . Sympathetic  &lt;#&gt; . Athletic  &lt;#&gt; . Warm . . .  &lt;#&gt; . Courageous  &lt;#&gt; . Determined  &lt;#&gt; . True  &lt;#&gt; . Dependable  &lt;#&gt; . Intelligent . . .  &lt;#&gt; . Psychologist  &lt;#&gt; . Pest exterminator  &lt;#&gt; . Psychiatrist  &lt;#&gt; . Healer . .  &lt;#&gt; . Stylist  &lt;#&gt; . Driver . . Aaniye pudunga venaam..,not spam,spam,spam,spam,spam,spam,spam,1.0
"I shall book chez jules for half eight, if that's ok with you?",not spam,not spam,not spam,not spam,not spam,not spam,not spam,0.0
"Yep, at derek's house now, see you Sunday &lt;3",not spam,not spam,not spam,not spam,not spam,not spam,not spam,0.0
"It's cool, let me know before it kicks off around  &lt;#&gt; , I'll be out and about all day",not spam,not spam,not spam,not spam,not spam,not spam,not spam,0.0
There are no other charges after transfer charges and you can withdraw anyhow you like,not spam,spam,spam,spam,spam,spam,spam,1.0
That's my honeymoon outfit. :),not spam,not spam,not spam,not spam,not spam,not spam,not spam,0.0
PRIVATE! Your 2003 Account Statement for shows 800 un-redeemed S. I. M. points. Call 08719899230 Identifier Code: 41685 Expires 07/11/04,spam,spam,spam,spam,spam,spam,spam,1.0
As a Registered Subscriber yr draw 4 a å£100 gift voucher will b entered on receipt of a correct ans. When are the next olympics. Txt ans to 80062,spam,spam,spam,spam,spam,spam,spam,1.0
URGENT! Your Mobile number has been awarded with a å£2000 prize GUARANTEED. Call 09061790121 from land line. Claim 3030. Valid 12hrs only 150ppm,spam,spam,spam,spam,spam,spam,spam,1.0
Daddy will take good care of you :),not spam,not spam,not spam,not spam,not spam,not spam,not spam,0.0
K.then any other special?,not spam,not spam,not spam,not spam,not spam,not spam,not spam,0.0
"God picked up a flower and dippeditinaDEW, lovingly touched itwhichturnedinto u, and the he gifted tomeandsaid,THIS FRIEND IS 4U",not spam,spam,spam,spam,not spam,spam,spam,0.8
Are your freezing ? Are you home yet ? Will you remember to kiss your mom in the morning? Do you love me ? Do you think of me ? Are you missing me yet ?,not spam,spam,not spam,not spam,spam,not spam,not spam,0.4
I'll probably be around mu a lot,not spam,not spam,not spam,not spam,not spam,not spam,not spam,0.0
645,not spam,spam,not spam,not spam,not spam,not spam,not spam,0.2
RT-KIng Pro Video Club>> Need help? info@ringtoneking.co.uk or call 08701237397 You must be 16+ Club credits redeemable at www.ringtoneking.co.uk! Enjoy!,spam,spam,spam,spam,spam,spam,spam,1.0
Thnx dude. u guys out 2nite?,not spam,not spam,not spam,not spam,not spam,not spam,not spam,0.0
Mm i had my food da from out,not spam,not spam,not spam,not spam,not spam,not spam,not spam,0.0
"Fuck babe, I miss you sooooo much !! I wish you were here to sleep with me ... My bed is so lonely ... I go now, to sleep ... To dream of you, my love ...",not spam,not spam,spam,spam,not spam,not spam,not spam,0.4
U have a secret admirer who is looking 2 make contact with U-find out who they R*reveal who thinks UR so special-call on 09058094599,spam,spam,spam,spam,spam,spam,spam,1.0
500 free text msgs. Just text ok to 80488 and we'll credit your account,spam,spam,spam,spam,spam,spam,spam,1.0
Hi Dear Call me its urgnt. I don't know whats your problem. You don't want to work or if you have any other problem at least tell me. Wating for your reply.,not spam,spam,not spam,not spam,not spam,not spam,not spam,0.2
"You have been selected to stay in 1 of 250 top British hotels - FOR NOTHING! Holiday Worth å£350! To Claim, Call London 02072069400. Bx 526, SW73SS",spam,spam,spam,spam,spam,spam,spam,1.0
I am going to film 2day da. At 6pm. Sorry da.,not spam,not spam,spam,not spam,not spam,not spam,not spam,0.2
Hello my little party animal! I just thought I'd buzz you as you were with your friends ...*grins*... Reminding you were loved and send a naughty adoring kiss,not spam,not spam,spam,spam,spam,not spam,spam,0.6
Yesterday its with me only . Now am going home.,not spam,not spam,not spam,not spam,not spam,not spam,not spam,0.0
"Eerie Nokia tones 4u, rply TONE TITLE to 8007 eg TONE DRACULA to 8007 Titles: GHOST, ADDAMSFA, MUNSTERS, EXORCIST, TWILIGHT www.getzed.co.uk POBox36504W45WQ 150p",spam,spam,spam,spam,spam,spam,spam,1.0
"0A$NETWORKS allow companies to bill for SMS, so they are responsible for their \suppliers\""",spam,spam,not spam,spam,not spam,spam,spam,0.6
Great comedy..cant stop laughing da:),not spam,not spam,not spam,not spam,not spam,not spam,not spam,0.0
FreeMsg:Feelin kinda lnly hope u like 2 keep me company! Jst got a cam moby wanna c my pic?Txt or reply DATE to 82242 Msg150p 2rcv Hlp 08712317606 stop to 82242,spam,spam,spam,spam,spam,spam,spam,1.0
"Alright, we're all set here, text the man",not spam,not spam,not spam,not spam,not spam,not spam,not spam,0.0
Sleeping nt feeling well,not spam,not spam,not spam,not spam,not spam,not spam,not spam,0.0
Thts wat Wright Brother did to fly..,not spam,not spam,not spam,not spam,not spam,not spam,not spam,0.0
If u laugh really loud.. If u talk spontaneously.. If u dont care what others feel.. U are probably with your dear &amp; best friends.. GOODEVENING Dear..:),not spam,not spam,spam,not spam,not spam,not spam,not spam,0.2
I dont have any of your file in my bag..i was in work when you called me.i 'll tell you if i find anything in my room.,not spam,not spam,not spam,not spam,not spam,not spam,not spam,0.0
"For ur chance to win a å£250 cash every wk TXT: ACTION to 80608. T's&C's www.movietrivia.tv custcare 08712405022, 1x150p/wk",spam,spam,spam,spam,spam,spam,spam,1.0
I was at bugis juz now wat... But now i'm walking home oredi... ÌÏ so late then reply... I oso saw a top dat i like but din buy... Where r Ì_ now? ,not spam,not spam,spam,not spam,not spam,not spam,not spam,0.2
At 7 we will go ok na.,not spam,not spam,not spam,not spam,not spam,not spam,not spam,0.0
Yes I posted a couple of pics on fb. There's still snow outside too. I'm just waking up :),not spam,not spam,not spam,not spam,not spam,not spam,not spam,0.0
RGENT! This is the 2nd attempt to contact U!U have WON å£1250 CALL 09071512433 b4 050703 T&CsBCM4235WC1N3XX. callcost 150ppm mobilesvary. maxå£7. 50,spam,spam,spam,spam,spam,spam,spam,1.0
No just send to you. Bec you in temple na.,not spam,not spam,not spam,not spam,not spam,not spam,not spam,0.0
"You aren't coming home between class, right? I need to work out and shower!",not spam,not spam,not spam,not spam,not spam,not spam,not spam,0.0
Hi if ur lookin 4 saucy daytime fun wiv busty married woman Am free all next week Chat now 2 sort time 09099726429 JANINExx Callså£1/minMobsmoreLKPOBOX177HP51FL,spam,spam,spam,spam,spam,spam,spam,1.0
URGENT! We are trying to contact U. Todays draw shows that you have won a å£800 prize GUARANTEED. Call 09050001295 from land line. Claim A21. Valid 12hrs only,spam,spam,spam,spam,spam,spam,spam,1.0
Monthly password for wap. mobsi.com is 391784. Use your wap phone not PC.,spam,spam,spam,spam,spam,spam,spam,1.0
"Yeah, that's fine! It's å£6 to get in, is that ok? ",not spam,not spam,not spam,not spam,not spam,not spam,not spam,0.0
"Today is \song dedicated day..\"" Which song will u dedicate for me? Send this to all ur valuable frnds but first rply me...""",not spam,spam,spam,spam,spam,spam,spam,1.0
Okay... We wait ah,not spam,not spam,not spam,not spam,not spam,not spam,not spam,0.0
Y lei?,not spam,not spam,not spam,not spam,not spam,not spam,not spam,0.0
HI BABE U R MOST LIKELY TO BE IN BED BUT IM SO SORRY ABOUT TONIGHT! I REALLY WANNA SEE U TOMORROW SO CALL ME AT 9. LOVE ME XXX,not spam,spam,not spam,not spam,not spam,not spam,not spam,0.2
Already am squatting is the new way of walking,not spam,not spam,not spam,not spam,not spam,not spam,not spam,0.0
Do you want bold 2 or bb torch,not spam,spam,not spam,spam,spam,spam,spam,0.8
todays vodafone numbers ending with 0089(my last four digits) are selected to received a å£350 award. If your number matches please call 09063442151 to claim your å£350 award,spam,spam,spam,spam,spam,spam,spam,1.0
Free Top ringtone -sub to weekly ringtone-get 1st week free-send SUBPOLY to 81618-?3 per week-stop sms-08718727870,spam,spam,spam,spam,spam,spam,spam,1.0
Bring tat cd don forget,not spam,spam,spam,spam,spam,not spam,spam,0.8
Sunshine Quiz Wkly Q! Win a top Sony DVD player if u know which country the Algarve is in? Txt ansr to 82277. å£1.50 SP:Tyrone,spam,spam,spam,spam,spam,spam,spam,1.0
Finish already... Yar they keep saying i mushy... I so embarrassed ok...,not spam,not spam,not spam,not spam,not spam,not spam,not spam,0.0
"Sorry man, my stash ran dry last night and I can't pick up more until sunday",not spam,not spam,spam,not spam,not spam,spam,not spam,0.4
"Free msg. Sorry, a service you ordered from 81303 could not be delivered as you do not have sufficient credit. Please top up to receive the service.",spam,spam,spam,spam,spam,spam,spam,1.0
Yun ah.now Ì_ wkg where?btw if Ì_ go nus sc. ÌÏ wana specialise in wad?,not spam,not spam,spam,not spam,not spam,not spam,not spam,0.2
"How's my loverboy doing ? What does he do that keeps him from coming to his Queen, hmmm ? Doesn't he ache to speak to me ? Miss me desparately ?",not spam,spam,spam,spam,not spam,not spam,spam,0.6
"(No promises on when though, haven't even gotten dinner yet)",not spam,not spam,not spam,not spam,not spam,not spam,not spam,0.0
o turns out i had stereo love on mi phone under the unknown album.,not spam,not spam,not spam,not spam,not spam,not spam,not spam,0.0
Hard LIVE 121 chat just 60p/min. Choose your girl and connect LIVE. Call 09094646899 now! Cheap Chat UK's biggest live service. VU BCM1896WC1N3XX,spam,spam,spam,spam,spam,spam,spam,1.0
Yeah I don't see why not,not spam,not spam,not spam,not spam,not spam,not spam,not spam,0.0
WOW! The Boys R Back. TAKE THAT 2007 UK Tour. Win VIP Tickets & pre-book with VIP Club. Txt CLUB to 81303. Trackmarque Ltd info@vipclub4u.,spam,spam,spam,spam,spam,spam,spam,1.0
"As in missionary hook up, doggy hook up, standing...|",not spam,spam,spam,spam,spam,spam,spam,1.0
Then u better go sleep.. Dun disturb u liao.. U wake up then msg me lor..,not spam,not spam,spam,not spam,not spam,not spam,not spam,0.2
"Hi Jon, Pete here, Ive bin 2 Spain recently & hav sum dinero left, Bill said u or ur åÔrents mayb interested in it, I hav 12,000pes, so around å£48, tb, James.",not spam,spam,spam,spam,spam,spam,spam,1.0
Lol yeah at this point I guess not,not spam,not spam,not spam,not spam,not spam,not spam,not spam,0.0
Doing project w frens lor. ,not spam,not spam,not spam,not spam,not spam,not spam,not spam,0.0
"Hi, this is Mandy Sullivan calling from HOTMIX FM...you are chosen to receive å£5000.00 in our Easter Prize draw.....Please telephone 09041940223 to claim before 29/03/05 or your prize will be transferred to someone else....",spam,spam,spam,spam,spam,spam,spam,1.0
K go and sleep well. Take rest:-).,not spam,not spam,not spam,not spam,not spam,not spam,not spam,0.0
U guys never invite me anywhere :(,not spam,not spam,not spam,not spam,not spam,not spam,not spam,0.0
UR GOING 2 BAHAMAS! CallFREEFONE 08081560665 and speak to a live operator to claim either Bahamas cruise ofå£2000 CASH 18+only. To opt out txt X to 07786200117,spam,spam,spam,spam,spam,spam,spam,1.0
Someone has conacted our dating service and entered your phone because they fancy you!To find out who it is call from landline 09111030116. PoBox12n146tf15,spam,spam,spam,spam,spam,spam,spam,1.0
Got it..mail panren paru..,not spam,not spam,not spam,not spam,spam,not spam,not spam,0.2
* Was thinking about chuckin ur red green n black trainners 2 save carryin them bac on train,not spam,spam,spam,not spam,spam,not spam,spam,0.6
How is your schedule next week? I am out of town this weekend.,not spam,not spam,not spam,not spam,not spam,not spam,not spam,0.0
Nt yet chikku..simple habba..hw abt u?,not spam,Not spam,not spam,not spam,not spam,not spam,not spam,0.0
Hi 07734396839 IBH Customer Loyalty Offer: The NEW NOKIA6600 Mobile from ONLY å£10 at TXTAUCTION!Txt word:START to No:81151 & get Yours Now!4T&,spam,spam,spam,spam,spam,spam,spam,1.0
SMS AUCTION You have won a Nokia 7250i. This is what you get when you win our FREE auction. To take part send Nokia to 86021 now. HG/Suite342/2Lands Row/W1JHL 16+,spam,spam,spam,spam,spam,spam,spam,1.0
"K, want us to come by now?",not spam,not spam,not spam,not spam,not spam,not spam,not spam,0.0
Dont show yourself. How far. Put new pictures up on facebook.,not spam,spam,not spam,not spam,spam,not spam,not spam,0.4
"I'm not coming over, do whatever you want",not spam,not spam,not spam,not spam,not spam,not spam,not spam,0.0
Did u see what I posted on your Facebook?,not spam,not spam,not spam,not spam,not spam,not spam,not spam,0.0
Call FREEPHONE 0800 542 0578 now!,spam,spam,spam,spam,spam,spam,spam,1.0
Buy Space Invaders 4 a chance 2 win orig Arcade Game console. Press 0 for Games Arcade (std WAP charge) See o2.co.uk/games 4 Terms + settings. No purchase,spam,spam,spam,spam,spam,spam,spam,1.0
"Loan for any purpose å£500 - å£75,000. Homeowners + Tenants welcome. Have you been previously refused? We can still help. Call Free 0800 1956669 or text back 'help'",spam,spam,spam,spam,spam,spam,spam,1.0
BIG BROTHER ALERT! The computer has selected u for 10k cash or #150 voucher. Call 09064018838. NTT PO Box CRO1327 18+ BT Landline Cost 150ppm mobiles vary,spam,spam,spam,spam,spam,spam,spam,1.0
";-( oh well, c u later",not spam,not spam,not spam,not spam,not spam,not spam,not spam,0.0
No dear i do have free messages without any recharge. Hi hi hi,not spam,spam,not spam,spam,spam,not spam,spam,0.6
"Do you know why god created gap between your fingers..? So that, One who is made for you comes &amp; fills those gaps by holding your hand with LOVE..!",not spam,spam,spam,spam,not spam,not spam,spam,0.6
Takin a shower now but yeah I'll leave when I'm done,not spam,not spam,not spam,not spam,not spam,not spam,not spam,0.0
U havenåÕt lost me ill always b here 4u.i didnåÕt intend 2 hurt u but I never knew how u felt about me when Iwas+marine&thatåÕs what itried2tell urmom.i careabout u,not spam,not spam,not spam,not spam,not spam,not spam,not spam,0.0
"WIN: We have a winner! Mr. T. Foley won an iPod! More exciting prizes soon, so keep an eye on ur mobile or visit www.win-82050.co.uk",spam,spam,spam,spam,spam,spam,spam,1.0
"Hey, can you tell me blake's address? Carlos wanted me to meet him there but I got lost and he's not answering his phone",not spam,not spam,not spam,not spam,not spam,not spam,not spam,0.0
That one week leave i put know that time. Why.,not spam,not spam,not spam,not spam,not spam,not spam,not spam,0.0
"If we hit it off, you can move in with me :)",not spam,not spam,not spam,not spam,not spam,not spam,not spam,0.0
I wanna watch that movie,not spam,not spam,not spam,not spam,not spam,not spam,not spam,0.0
Ok lor thanx... ÌÏ in school?,not spam,not spam,not spam,not spam,not spam,not spam,not spam,0.0
I'm in class. Did you get my text.,not spam,not spam,not spam,not spam,not spam,not spam,not spam,0.0
God bless.get good sleep my dear...i will pray!,not spam,not spam,not spam,not spam,not spam,not spam,not spam,0.0
Todays Voda numbers ending 1225 are selected to receive a å£50award. If you have a match please call 08712300220 quoting claim code 3100 standard rates app ,spam,spam,spam,spam,spam,spam,spam,1.0
Do have a nice day today. I love you so dearly.,not spam,not spam,not spam,not spam,not spam,not spam,not spam,0.0
Aiyo a bit pai seh Ì_ noe... Scared he dun rem who i am then die... Hee... But he become better lookin oredi leh...,not spam,not spam,spam,not spam,not spam,not spam,not spam,0.2
Well i will watch shrek in 3D!!B),not spam,not spam,spam,not spam,not spam,not spam,not spam,0.2
Am i that much dirty fellow?,not spam,not spam,not spam,not spam,not spam,not spam,not spam,0.0
If you're thinking of lifting me one then no.,not spam,not spam,not spam,not spam,not spam,not spam,not spam,0.0
Sent me ur email id soon,not spam,not spam,spam,spam,spam,not spam,spam,0.6
"Hottest pics straight to your phone!! See me getting Wet and Wanting, just for you xx Text PICS to 89555 now! txt costs 150p textoperator g696ga 18 XxX",spam,spam,spam,spam,spam,spam,spam,1.0
I have a rather prominent bite mark on my right cheek,not spam,not spam,not spam,not spam,not spam,not spam,not spam,0.0
Are you wet right now?,not spam,not spam,not spam,not spam,not spam,not spam,not spam,0.0
"Hack Chat. Get backdoor entry into 121 chat rooms at a fraction of the cost. Reply NEO69 or call 09050280520, to subscribe 25p pm. DPS, Bcm box 8027 Ldn, wc1n3xx",spam,spam,spam,spam,spam,spam,spam,1.0
Yeah. I got a list with only u and Joanna if I'm feeling really anti social,not spam,not spam,not spam,not spam,not spam,not spam,not spam,0.0
Super da:)good replacement for murali,not spam,not spam,not spam,not spam,not spam,not spam,not spam,0.0
"FREE NOKIA Or Motorola with upto 12mths 1/2price linerental, 500 FREE x-net mins&100txt/mth FREE B'tooth*. Call Mobileupd8 on 08001950382 or call 2optout/D3WV",spam,spam,spam,spam,spam,spam,spam,1.0
"This is the 2nd time we have tried 2 contact u. U have won the 750 Pound prize. 2 claim is easy, call 08718726970 NOW! Only 10p per min. BT-national-rate ",spam,spam,spam,spam,spam,spam,spam,1.0
I hate when she does this. She turns what should be a fun shopping trip into an annoying day of how everything would look in her house.,not spam,not spam,not spam,not spam,not spam,not spam,not spam,0.0
"Sir, i am waiting for your call.",not spam,not spam,not spam,not spam,not spam,not spam,not spam,0.0
Aiyah then i wait lor. Then u entertain me. Hee...,not spam,not spam,not spam,not spam,not spam,not spam,not spam,0.0
You call him now ok i said call him,not spam,not spam,not spam,spam,spam,not spam,not spam,0.4
Or Ì_ go buy wif him then i meet Ì_ later can?,not spam,not spam,not spam,not spam,spam,not spam,not spam,0.2
"Aight, I'll text you when I'm back",not spam,not spam,not spam,not spam,not spam,not spam,not spam,0.0
Dont know supports ass and srt i thnk. I think ps3 can play through usb too,not spam,not spam,not spam,not spam,not spam,not spam,not spam,0.0
Oh ok i didnt know what you meant. Yep i am baby jontin,not spam,not spam,not spam,not spam,not spam,not spam,not spam,0.0
You have WON a guaranteed å£1000 cash or a å£2000 prize.To claim yr prize call our customer service representative on,spam,spam,spam,spam,spam,spam,spam,1.0
Would you like to see my XXX pics they are so hot they were nearly banned in the uk!,spam,spam,spam,spam,spam,spam,spam,1.0
HMV BONUS SPECIAL 500 pounds of genuine HMV vouchers to be won. Just answer 4 easy questions. Play Now! Send HMV to 86688 More info:www.100percent-real.com,spam,spam,spam,spam,spam,spam,spam,1.0
I AM AT A PARTY WITH ALEX NICHOLS,not spam,not spam,not spam,not spam,not spam,not spam,not spam,0.0
U have a secret admirer who is looking 2 make contact with U-find out who they R*reveal who thinks UR so special-call on 09058094594,spam,spam,spam,spam,spam,spam,spam,1.0
Dear 0776xxxxxxx U've been invited to XCHAT. This is our final attempt to contact u! Txt CHAT to 86688 150p/MsgrcvdHG/Suite342/2Lands/Row/W1J6HL LDN 18yrs ,spam,spam,spam,spam,spam,spam,spam,1.0
Urgent! Please call 09061743811 from landline. Your ABTA complimentary 4* Tenerife Holiday or å£5000 cash await collection SAE T&Cs Box 326 CW25WX 150ppm,spam,spam,spam,spam,spam,spam,spam,1.0
CALL 09090900040 & LISTEN TO EXTREME DIRTY LIVE CHAT GOING ON IN THE OFFICE RIGHT NOW TOTAL PRIVACY NO ONE KNOWS YOUR [sic] LISTENING 60P MIN 24/7MP 0870753331018+,spam,spam,spam,spam,spam,spam,spam,1.0
"FreeMsg Hey U, i just got 1 of these video/pic fones, reply WILD to this txt & ill send U my pics, hurry up Im so bored at work xxx (18 150p/rcvd STOP2stop)",spam,spam,spam,spam,spam,spam,spam,1.0
My sister got placed in birla soft da:-),not spam,not spam,not spam,not spam,not spam,not spam,not spam,0.0
Free entry in 2 a weekly comp for a chance to win an ipod. Txt POD to 80182 to get entry (std txt rate) T&C's apply 08452810073 for details 18+,spam,spam,spam,spam,spam,spam,spam,1.0
Wah... Okie okie... Muz make use of e unlimited... Haha... ,not spam,not spam,spam,not spam,spam,not spam,not spam,0.4
And stop being an old man. You get to build snowman snow angels and snowball fights.,not spam,not spam,not spam,not spam,not spam,not spam,not spam,0.0
Then u going ikea str aft dat?,not spam,not spam,not spam,not spam,not spam,not spam,not spam,0.0
For real tho this sucks. I can't even cook my whole electricity is out. And I'm hungry.,not spam,not spam,not spam,not spam,not spam,not spam,not spam,0.0
New TEXTBUDDY Chat 2 horny guys in ur area 4 just 25p Free 2 receive Search postcode or at gaytextbuddy.com. TXT ONE name to 89693. 08715500022 rpl Stop 2 cnl,spam,spam,spam,spam,spam,spam,spam,1.0
Fffff. Can you text kadeem or are you too far gone,not spam,not spam,spam,not spam,not spam,not spam,not spam,0.2
We not leaving yet. Ok lor then we go elsewhere n eat. U thk...,not spam,not spam,spam,not spam,not spam,not spam,not spam,0.2
Is fujitsu s series lifebook good?,not spam,not spam,not spam,not spam,not spam,not spam,not spam,0.0
I'll be in sch fr 4-6... I dun haf da book in sch... It's at home...,not spam,not spam,spam,not spam,not spam,not spam,not spam,0.2
Hello. They are going to the village pub at 8 so either come here or there accordingly. Ok?,not spam,not spam,not spam,not spam,not spam,not spam,not spam,0.0
Ok,not spam,not spam,not spam,not spam,not spam,not spam,not spam,0.0
Call from 08702490080 - tells u 2 call 09066358152 to claim å£5000 prize. U have 2 enter all ur mobile & personal details @ the prompts. Careful!,spam,spam,spam,spam,spam,spam,spam,1.0
Free 1st week entry 2 TEXTPOD 4 a chance 2 win 40GB iPod or å£250 cash every wk. Txt VPOD to 81303 Ts&Cs www.textpod.net custcare 08712405020.,spam,spam,spam,spam,spam,spam,spam,1.0
Carry on not disturbing both of you,not spam,not spam,not spam,not spam,not spam,not spam,not spam,0.0
Hope you are having a great day.,not spam,not spam,not spam,not spam,not spam,not spam,not spam,0.0
Did either of you have any idea's? Do you know of anyplaces doing something?,not spam,not spam,not spam,not spam,not spam,not spam,not spam,0.0
The fact that you're cleaning shows you know why i'm upset. Your priority is constantly \what i want to do,not spam,not spam,spam,not spam,not spam,not spam,not spam,0.2
More people are dogging in your area now. Call 09090204448 and join like minded guys. Why not arrange 1 yourself. There's 1 this evening. Aå£1.50 minAPN LS278BB,spam,spam,spam,spam,spam,spam,spam,1.0
"WELL DONE! Your 4* Costa Del Sol Holiday or å£5000 await collection. Call 09050090044 Now toClaim. SAE, TCs, POBox334, Stockport, SK38xh, Costå£1.50/pm, Max10mins",spam,spam,spam,spam,spam,spam,spam,1.0
Can Ì_ call me at 10:10 to make sure dat i've woken up...,not spam,spam,not spam,not spam,not spam,not spam,not spam,0.2
Hey we can go jazz power yoga hip hop kb and yogasana ,not spam,not spam,not spam,not spam,not spam,not spam,not spam,0.0
I cant pick the phone right now. Pls send a message,not spam,not spam,not spam,not spam,not spam,not spam,not spam,0.0
Haha... Really oh no... How? Then will they deduct your lesson tmr?,not spam,not spam,not spam,not spam,not spam,not spam,not spam,0.0
Take something for pain. If it moves however to any side in the next 6hrs see a doctor.,not spam,not spam,not spam,not spam,not spam,not spam,not spam,0.0
"Lol ... Oh no babe, I wont be sliding into your place after midnight, but thanks for the invite",not spam,Not spam,not spam,not spam,not spam,not spam,not spam,0.0
Guess what! Somebody you know secretly fancies you! Wanna find out who it is? Give us a call on 09065394973 from Landline DATEBox1282EssexCM61XN 150p/min 18,spam,spam,spam,spam,spam,spam,spam,1.0
it to 80488. Your 500 free text messages are valid until 31 December 2005.,spam,spam,spam,spam,spam,spam,spam,1.0
Yes :)it completely in out of form:)clark also utter waste.,not spam,not spam,spam,spam,spam,not spam,spam,0.6
"Honeybee Said: *I'm d Sweetest in d World* God Laughed &amp; Said: *Wait,U Havnt Met d Person Reading This Msg* MORAL: Even GOD Can Crack Jokes! GM+GN+GE+GN:)",not spam,spam,spam,not spam,not spam,not spam,not spam,0.4
You have won a guaranteed å£200 award or even å£1000 cashto claim UR award call free on 08000407165 (18+) 2 stop getstop on 88222 PHP,spam,spam,spam,spam,spam,spam,spam,1.0
Nvm it's ok...,not spam,not spam,not spam,not spam,not spam,not spam,not spam,0.0
Enjoy ur life. . Good night,not spam,not spam,not spam,not spam,not spam,not spam,not spam,0.0
Reply to win å£100 weekly! Where will the 2006 FIFA World Cup be held? Send STOP to 87239 to end service,spam,spam,spam,spam,spam,spam,spam,1.0
Shhhhh nobody is supposed to know!,not spam,not spam,not spam,not spam,not spam,not spam,not spam,0.0
"Sorry, I'll call later in meeting any thing related to trade please call Arul. &lt;#&gt; ",not spam,not spam,not spam,spam,spam,not spam,not spam,0.4
Hey i will be late... i'm at amk. Need to drink tea or coffee,not spam,not spam,not spam,not spam,not spam,not spam,not spam,0.0
Urgent! Please call 09061743810 from landline. Your ABTA complimentary 4* Tenerife Holiday or #5000 cash await collection SAE T&Cs Box 326 CW25WX 150 ppm,spam,spam,spam,spam,spam,spam,spam,1.0
The length is e same but e top shorter n i got a fringe now. I thk i'm not going liao. Too lazy. Dun wan 2 distract u also.,not spam,not spam,spam,not spam,not spam,not spam,not spam,0.2
S..antha num corrct dane,not spam,not spam,spam,spam,not spam,not spam,not spam,0.4
The basket's gettin full so I might be by tonight,not spam,not spam,not spam,not spam,not spam,not spam,not spam,0.0
HI DARLIN IVE JUST GOT BACK AND I HAD A REALLY NICE NIGHT AND THANKS SO MUCH FOR THE LIFT SEE U TOMORROW XXX,not spam,not spam,not spam,not spam,not spam,not spam,not spam,0.0
Free tones Hope you enjoyed your new content. text stop to 61610 to unsubscribe. help:08712400602450p Provided by tones2you.co.uk,spam,spam,spam,spam,spam,spam,spam,1.0
Shall i come to get pickle,not spam,not spam,not spam,not spam,not spam,not spam,not spam,0.0
LMAO where's your fish memory when I need it?,not spam,not spam,not spam,not spam,not spam,not spam,not spam,0.0
Idea will soon get converted to live:),not spam,not spam,spam,not spam,not spam,not spam,not spam,0.2
TheMob>Yo yo yo-Here comes a new selection of hot downloads for our members to get for FREE! Just click & open the next link sent to ur fone...,spam,spam,spam,spam,spam,spam,spam,1.0
S....s...india going to draw the series after many years in south african soil..,not spam,spam,not spam,not spam,not spam,not spam,not spam,0.2
"Do whatever you want. You know what the rules are. We had a talk earlier this week about what had to start happening, you showing responsibility. Yet, every week it's can i bend the rule this way? What about that way? Do whatever. I'm tired of having thia same argument with you every week. And a  &lt;#&gt;  movie DOESNT inlude the previews. You're still getting in after 1.",not spam,not spam,spam,not spam,not spam,not spam,not spam,0.2
Great News! Call FREEFONE 08006344447 to claim your guaranteed å£1000 CASH or å£2000 gift. Speak to a live operator NOW!,spam,spam,spam,spam,spam,spam,spam,1.0
Ambrith..madurai..met u in arun dha marrge..remembr?,not spam,spam,spam,not spam,not spam,not spam,not spam,0.4
Just re read it and I have no shame but tell me how he takes it and if he runs I will blame u 4 ever!! Not really 4 ever just a long time ,not spam,spam,not spam,not spam,not spam,not spam,not spam,0.2
"Better than bb. If he wont use it, his wife will or them doctor",not spam,spam,spam,spam,spam,not spam,spam,0.8
Ya it came a while ago,not spam,not spam,not spam,not spam,not spam,not spam,not spam,0.0
Anything lor but toa payoh got place 2 walk meh...,not spam,not spam,not spam,not spam,not spam,not spam,not spam,0.0
"U can WIN å£100 of Music Gift Vouchers every week starting NOW Txt the word DRAW to 87066 TsCs www.ldew.com SkillGame,1Winaweek, age16.150ppermessSubscription",spam,spam,spam,spam,spam,spam,spam,1.0
"Yes obviously, but you are the eggs-pert and the potato headÛ_ Speak soon! ",not spam,not spam,spam,not spam,not spam,not spam,not spam,0.2
No got new job at bar in airport on satsgettin 4.47per hour but means no lie in! keep in touch,not spam,not spam,spam,spam,spam,not spam,spam,0.6
Kallis is ready for bat in 2nd innings,not spam,not spam,not spam,not spam,not spam,not spam,not spam,0.0
"Ugh y can't u just apologize, admit u were wrong and ask me to take u back?",not spam,not spam,not spam,not spam,not spam,not spam,not spam,0.0
"I noe la... U wana pei bf oso rite... K lor, other days den...",not spam,spam,spam,spam,spam,not spam,spam,0.8
Is avatar supposed to have subtoitles,not spam,not spam,not spam,not spam,not spam,not spam,not spam,0.0
You can jot down things you want to remember later.,not spam,not spam,not spam,not spam,not spam,not spam,not spam,0.0
Hey are we going for the lo lesson or gym? ,not spam,not spam,not spam,not spam,not spam,not spam,not spam,0.0
You always make things bigger than they are,not spam,not spam,not spam,not spam,not spam,not spam,not spam,0.0
ÌÏ dun wan to watch infernal affair?,not spam,spam,not spam,spam,not spam,not spam,not spam,0.4
4mths half price Orange line rental & latest camera phones 4 FREE. Had your phone 11mths ? Call MobilesDirect free on 08000938767 to update now! or2stoptxt,spam,spam,spam,spam,spam,spam,spam,1.0
Hi where you. You in home or calicut?,not spam,not spam,not spam,not spam,not spam,not spam,not spam,0.0
"Call 09094100151 to use ur mins! Calls cast 10p/min (mob vary). Service provided by AOM, just GBP5/month. AOM Box61,M60 1ER until u stop. Ages 18+ only!",spam,spam,spam,spam,spam,spam,spam,1.0
"Oh... I was thkin of goin yogasana at 10 den no nd to go at 3 den can rush to parco 4 nb... Okie lor, u call me when ready...",not spam,not spam,spam,not spam,not spam,not spam,not spam,0.2
"Nothing, i got msg frm tht unknown no..",not spam,not spam,not spam,spam,spam,not spam,not spam,0.4
Ugh fuck it I'm resubbing to eve,not spam,not spam,spam,not spam,not spam,not spam,not spam,0.2
Is there any training tomorrow?,not spam,not spam,not spam,not spam,not spam,not spam,not spam,0.0
"URGENT! Your mobile No *********** WON a å£2,000 Bonus Caller Prize on 02/06/03! This is the 2nd attempt to reach YOU! Call 09066362220 ASAP! BOX97N7QP, 150ppm",spam,spam,spam,spam,spam,spam,spam,1.0
Pass dis to all ur contacts n see wat u get! Red;i'm in luv wid u. Blue;u put a smile on my face. Purple;u r realy hot. Pink;u r so swt. Orange;i thnk i lyk u. Green;i realy wana go out wid u. Yelow;i wnt u bck. Black;i'm jealous of u. Brown;i miss you Nw plz giv me one color,not spam,spam,spam,spam,spam,spam,spam,1.0
Cos daddy arranging time c wat time fetch Ì_ mah...,not spam,spam,spam,spam,not spam,not spam,spam,0.6
Who's there say hi to our drugdealer,not spam,spam,spam,spam,spam,spam,spam,1.0
"Eerie Nokia tones 4u, rply TONE TITLE to 8007 eg TONE DRACULA to 8007 Titles: GHOST, ADDAMSFA, MUNSTERS, EXORCIST, TWILIGHT www.getzed.co.uk POBox36504W45WQ 150p ",spam,spam,spam,spam,spam,spam,spam,1.0
Sexy Singles are waiting for you! Text your AGE followed by your GENDER as wither M or F E.G.23F. For gay men text your AGE followed by a G. e.g.23G.,spam,spam,spam,spam,spam,spam,spam,1.0
Good night my dear.. Sleepwell&amp;Take care,not spam,not spam,not spam,not spam,not spam,not spam,not spam,0.0
That is wondarfull song,not spam,not spam,not spam,not spam,not spam,not spam,not spam,0.0
"FreeMsg: Claim ur 250 SMS messages-Text OK to 84025 now!Use web2mobile 2 ur mates etc. Join Txt250.com for 1.50p/wk. T&C BOX139, LA32WU. 16 . Remove txtX or stop",spam,spam,spam,spam,spam,spam,spam,1.0
Hey hun-onbus goin 2 meet him. He wants 2go out 4a meal but I donyt feel like it cuz have 2 get last bus home!But hes sweet latelyxxx,not spam,not spam,not spam,not spam,not spam,not spam,not spam,0.0
85233 FREE>Ringtone!Reply REAL,spam,spam,spam,spam,spam,spam,spam,1.0
I'm aight. Wat's happening on your side.,not spam,not spam,not spam,not spam,not spam,not spam,not spam,0.0
"you are sweet as well, princess. Please tell me your likes and dislikes in bed...",not spam,spam,spam,spam,spam,spam,spam,1.0
Dude how do you like the buff wind.,not spam,not spam,not spam,not spam,not spam,not spam,not spam,0.0
\alright babe,not spam,not spam,not spam,not spam,not spam,not spam,not spam,0.0
Well done ENGLAND! Get the official poly ringtone or colour flag on yer mobile! text TONE or FLAG to 84199 NOW! Opt-out txt ENG STOP. Box39822 W111WX å£1.50,spam,spam,spam,spam,spam,spam,spam,1.0
"No i'm not. I can't give you everything you want and need. You actually could do better for yourself on yor own--you've got more money than i do. I can't get work, i can't get a man, i can't pay the rent, i can't even fill my fucking gas tank. yes, i'm stressed and depressed. I didn't even call home for thanksgiving cuz i'll have to tell them i,m up to nothing.",not spam,not spam,spam,not spam,not spam,not spam,not spam,0.2
S:-)kallis wont play in first two odi:-),not spam,not spam,not spam,not spam,not spam,not spam,not spam,0.0
"Final Chance! Claim ur å£150 worth of discount vouchers today! Text YES to 85023 now! SavaMob, member offers mobile! T Cs SavaMob POBOX84, M263UZ. å£3.00 Subs 16",spam,spam,spam,spam,spam,spam,spam,1.0
PRIVATE! Your 2004 Account Statement for 07742676969 shows 786 unredeemed Bonus Points. To claim call 08719180248 Identifier Code: 45239 Expires,spam,spam,spam,spam,spam,spam,spam,1.0
"No dice, art class 6 thru 9 :( thanks though. Any idea what time I should come tomorrow?",not spam,not spam,not spam,not spam,not spam,not spam,not spam,0.0
"SMS SERVICES. for your inclusive text credits, pls goto www.comuk.net login= ***** unsubscribe with STOP. no extra charge. help:08700469649. PO BOX420. IP4 5WE",spam,spam,spam,spam,spam,spam,spam,1.0
Oh Howda gud gud.. Mathe en samachara chikku:-),not spam,not spam,spam,not spam,not spam,not spam,not spam,0.2
Audrie lousy autocorrect,not spam,not spam,not spam,not spam,not spam,not spam,not spam,0.0
Its a site to simulate the test. It just gives you very tough questions to test your readiness.,not spam,not spam,not spam,not spam,not spam,not spam,not spam,0.0
"FREE2DAY sexy St George's Day pic of Jordan!Txt PIC to 89080 dont miss out, then every wk a saucy celeb!4 more pics c PocketBabe.co.uk 0870241182716 å£3/wk",spam,spam,spam,spam,spam,spam,spam,1.0
Lara said she can loan me  &lt;#&gt; .,not spam,not spam,not spam,not spam,not spam,not spam,not spam,0.0
You are a winner you have been specially selected to receive å£1000 cash or a å£2000 award. Speak to a live operator to claim call 087123002209am-7pm. Cost 10p,spam,spam,spam,spam,spam,spam,spam,1.0
"Sunshine Hols. To claim ur med holiday send a stamped self address envelope to Drinks on Us UK, PO Box 113, Bray, Wicklow, Eire. Quiz Starts Saturday! Unsub Stop",spam,spam,spam,spam,spam,spam,spam,1.0
Wish u many many returns of the day.. Happy birthday vikky..,not spam,not spam,not spam,not spam,not spam,not spam,not spam,0.0
"U can WIN å£100 of Music Gift Vouchers every week starting NOW Txt the word DRAW to 87066 TsCs www.Idew.com SkillGame, 1Winaweek, age16. 150ppermessSubscription",spam,spam,spam,spam,spam,spam,spam,1.0
+123 Congratulations - in this week's competition draw u have won the å£1450 prize to claim just call 09050002311 b4280703. T&Cs/stop SMS 08718727868. Over 18 only 150ppm,spam,spam,spam,spam,spam,spam,spam,1.0
"Beautiful Truth against Gravity.. Read carefully: \Our heart feels light when someone is in it.. But it feels very heavy when someone leaves it..\"" GOOD NIGHT""",not spam,not spam,not spam,not spam,not spam,not spam,not spam,0.0
You do got a shitload of diamonds though,not spam,not spam,not spam,not spam,not spam,not spam,not spam,0.0
Tessy..pls do me a favor. Pls convey my birthday wishes to Nimya..pls dnt forget it. Today is her birthday Shijas,not spam,not spam,spam,not spam,not spam,not spam,not spam,0.2
Mine here like all fr china then so noisy.,not spam,not spam,not spam,not spam,not spam,not spam,not spam,0.0
S...from the training manual it show there is no tech process:)its all about password reset and troubleshooting:),not spam,not spam,spam,not spam,not spam,not spam,not spam,0.2
Your B4U voucher w/c 27/03 is MARSMS. Log onto www.B4Utele.com for discount credit. To opt out reply stop. Customer care call 08717168528,spam,spam,spam,spam,spam,spam,spam,1.0
"Carlos took a while (again), we leave in a minute",not spam,not spam,not spam,not spam,not spam,not spam,not spam,0.0
Well done and ! luv ya all ,not spam,not spam,not spam,not spam,not spam,not spam,not spam,0.0
K still are you loving me.,not spam,not spam,not spam,not spam,not spam,not spam,not spam,0.0
But i juz remembered i gotta bathe my dog today..,not spam,not spam,not spam,not spam,not spam,not spam,not spam,0.0
You stayin out of trouble stranger!!saw Dave the other day heåÕs sorted now!still with me bloke when u gona get a girl MR!ur mum still Thinks we will get 2GETHA! ,not spam,not spam,spam,spam,not spam,not spam,not spam,0.4
FreeMsg: Hey - I'm Buffy. 25 and love to satisfy men. Home alone feeling randy. Reply 2 C my PIX! QlynnBV Help08700621170150p a msg Send stop to stop txts,spam,spam,spam,spam,spam,spam,spam,1.0
"Sunshine Hols. To claim ur med holiday send a stamped self address envelope to Drinks on Us UK, PO Box 113, Bray, Wicklow, Eire. Quiz Starts Saturday! Unsub Stop",spam,spam,spam,spam,spam,spam,spam,1.0
So can collect ur laptop?,not spam,spam,not spam,not spam,spam,not spam,not spam,0.4
I will once i get home,not spam,not spam,not spam,not spam,not spam,not spam,not spam,0.0
Waaaat?? Lololo ok next time then!,not spam,not spam,not spam,not spam,not spam,not spam,not spam,0.0
I surely dont forgot to come:)i will always be in touch in with you:-),not spam,not spam,spam,not spam,not spam,not spam,not spam,0.2
I dont have i shall buy one dear,not spam,not spam,not spam,not spam,not spam,not spam,not spam,0.0
Oh god i am happy to see your message after 3 days,not spam,not spam,not spam,not spam,not spam,not spam,not spam,0.0
"Sad story of a Man - Last week was my b'day. My Wife did'nt wish me. My Parents forgot n so did my Kids . I went to work. Even my Colleagues did not wish. As I entered my cabin my PA said, '' Happy B'day Boss !!''. I felt special. She askd me 4 lunch. After lunch she invited me to her apartment. We went there. She said,'' do u mind if I go into the bedroom for a minute ? '' ''OK'', I sed in a sexy mood. She came out 5 minuts latr wid a cake...n My Wife, My Parents, My Kidz, My Friends n My Colleagues. All screaming.. SURPRISE !! and I was waiting on the sofa.. ... ..... ' NAKED...!",not spam,not spam,spam,spam,not spam,not spam,not spam,0.4
FREE for 1st week! No1 Nokia tone 4 ur mob every week just txt NOKIA to 87077 Get txting and tell ur mates. zed POBox 36504 W45WQ norm150p/tone 16+,spam,spam,spam,spam,spam,spam,spam,1.0
No. Its not specialisation. Can work but its slave labor. Will look for it this month sha cos no shakara 4 beggar.,not spam,not spam,spam,not spam,not spam,not spam,not spam,0.2
"Nothing really, just making sure everybody's up to speed",not spam,not spam,not spam,not spam,not spam,not spam,not spam,0.0
Thx. All will be well in a few months,not spam,not spam,not spam,not spam,not spam,not spam,not spam,0.0
"Shop till u Drop, IS IT YOU, either 10K, 5K, å£500 Cash or å£100 Travel voucher, Call now, 09064011000. NTT PO Box CR01327BT fixedline Cost 150ppm mobile vary",spam,spam,spam,spam,spam,spam,spam,1.0
See? I thought it all through,not spam,not spam,not spam,not spam,not spam,not spam,not spam,0.0
get ready to moan and scream :),not spam,spam,not spam,not spam,not spam,spam,not spam,0.4
"Chinatown got porridge, claypot rice, yam cake, fishhead beehoon... Either we eat cheap den go cafe n tok or go nydc or somethin...",not spam,not spam,not spam,not spam,not spam,not spam,not spam,0.0
FREE camera phones with linerental from 4.49/month with 750 cross ntwk mins. 1/2 price txt bundle deals also avble. Call 08001950382 or call2optout/J MF,spam,spam,spam,spam,spam,spam,spam,1.0
Yup i shd haf ard 10 pages if i add figures... ÌÏ all got how many pages?,not spam,not spam,spam,not spam,not spam,not spam,not spam,0.2
I called but no one pick up e phone. I ask both of them already they said ok.,not spam,not spam,not spam,not spam,not spam,not spam,not spam,0.0
I'm in a movie. Call me 4 wat?,not spam,spam,spam,not spam,not spam,not spam,not spam,0.4
Haha... can... But i'm having dinner with my cousin...,not spam,not spam,not spam,not spam,not spam,not spam,not spam,0.0
Raji..pls do me a favour. Pls convey my Birthday wishes to Nimya. Pls. Today is her birthday.,not spam,not spam,not spam,not spam,not spam,not spam,not spam,0.0
"Haha, my legs and neck are killing me and my amigos are hoping to end the night with a burn, think I could swing by in like an hour?",not spam,not spam,not spam,not spam,not spam,not spam,not spam,0.0
"URGENT! Your mobile No 07xxxxxxxxx won a å£2,000 bonus caller prize on 02/06/03! this is the 2nd attempt to reach YOU! call 09066362231 ASAP! BOX97N7QP, 150PPM",spam,spam,spam,spam,spam,spam,spam,1.0
Usually the body takes care of it buy making sure it doesnt progress. Can we pls continue this talk on saturday.,not spam,not spam,not spam,not spam,not spam,not spam,not spam,0.0
"URGENT!! Your 4* Costa Del Sol Holiday or å£5000 await collection. Call 09050090044 Now toClaim. SAE, TC s, POBox334, Stockport, SK38xh, Costå£1.50/pm, Max10mins",spam,spam,spam,spam,spam,spam,spam,1.0
"Hmm well, night night ",not spam,not spam,not spam,not spam,not spam,not spam,not spam,0.0
"This is one of the days you have a billion classes, right?",not spam,not spam,not spam,not spam,not spam,not spam,not spam,0.0
* Will have two more cartons off u and is very pleased with shelves,not spam,not spam,spam,spam,not spam,not spam,not spam,0.4
You have WON a guaranteed å£1000 cash or a å£2000 prize. To claim yr prize call our customer service representative on 08714712379 between 10am-7pm Cost 10p,spam,spam,spam,spam,spam,spam,spam,1.0
"Thanks for your ringtone order, ref number K718. Your mobile will be charged å£4.50. Should your tone not arrive please call customer services on 09065069120",spam,spam,spam,spam,spam,spam,spam,1.0
Oh k.k..where did you take test?,not spam,not spam,not spam,not spam,not spam,not spam,not spam,0.0
haha but no money leh... Later got to go for tuition... Haha and looking for empty slots for driving lessons,not spam,not spam,spam,not spam,not spam,not spam,not spam,0.2
"K, wen ur free come to my home and also tel vikky i hav sent mail to him also.. Better come evening il be free today aftr 6pm..:-)",not spam,spam,spam,not spam,spam,not spam,spam,0.6
"Give her something to drink, if she takes it and doesn't vomit then you her temp might drop. If she unmits however let me know.",not spam,spam,spam,not spam,not spam,not spam,not spam,0.4
K I'll call you when I'm close,not spam,not spam,not spam,not spam,not spam,not spam,not spam,0.0
Nope wif my sis lor... Aft bathing my dog then i can bathe... Looks like it's going 2 rain soon.,not spam,not spam,not spam,not spam,not spam,not spam,not spam,0.0
Boo I'm on my way to my moms. She's making tortilla soup. Yummmm,not spam,not spam,not spam,not spam,not spam,not spam,not spam,0.0
How did you find out in a way that didn't include all of these details,not spam,not spam,not spam,not spam,not spam,not spam,not spam,0.0
"Hi ya babe x u 4goten bout me?' scammers getting smart..Though this is a regular vodafone no, if you respond you get further prem rate msg/subscription. Other nos used also. Beware!",spam,spam,**spam**,spam,spam,spam,spam,0.8
Back 2 work 2morro half term over! Can U C me 2nite 4 some sexy passion B4 I have 2 go back? Chat NOW 09099726481 Luv DENA Calls å£1/minMobsmoreLKPOBOX177HP51FL,spam,spam,spam,spam,spam,spam,spam,1.0
"Thanks for your ringtone order, ref number R836. Your mobile will be charged å£4.50. Should your tone not arrive please call customer services on 09065069154",spam,spam,spam,spam,spam,spam,spam,1.0
I am getting threats from your sales executive Shifad as i raised complaint against him. Its an official message.,not spam,spam,spam,spam,spam,not spam,spam,0.8
hope things went well at 'doctors' ;) reminds me i still need 2go.did u c d little thing i left in the lounge?,not spam,not spam,spam,not spam,not spam,not spam,not spam,0.2
Lol enjoy role playing much?,not spam,not spam,not spam,not spam,not spam,not spam,not spam,0.0
Ok. Me watching tv too.,not spam,not spam,not spam,not spam,not spam,not spam,not spam,0.0
SplashMobile: Choose from 1000s of gr8 tones each wk! This is a subscrition service with weekly tones costing 300p. U have one credit - kick back and ENJOY,spam,spam,spam,spam,spam,spam,spam,1.0
Not heard from U4 a while. Call 4 rude chat private line 01223585334 to cum. Wan 2C pics of me gettin shagged then text PIX to 8552. 2End send STOP 8552 SAM xxx,spam,spam,spam,spam,spam,spam,spam,1.0
Ok . . now i am in bus. . If i come soon i will come otherwise tomorrow,not spam,not spam,not spam,not spam,not spam,not spam,not spam,0.0
<Forwarded from 88877>FREE entry into our å£250 weekly comp just send the word ENTER to 88877 NOW. 18 T&C www.textcomp.com,spam,spam,spam,spam,spam,spam,spam,1.0
Finish liao... U?,not spam,spam,not spam,not spam,spam,not spam,not spam,0.4
88066 FROM 88066 LOST 3POUND HELP,spam,spam,spam,spam,spam,spam,spam,1.0
Life spend with someone for a lifetime may be meaningless but a few moments spent with someone who really love you means more than life itself..,not spam,not spam,not spam,not spam,not spam,not spam,not spam,0.0
"Haha awesome, I've been to 4u a couple times. Who all's coming?",not spam,not spam,not spam,not spam,not spam,not spam,not spam,0.0
Think I could stop by in like an hour or so? My roommate's looking to stock up for a trip,not spam,not spam,not spam,not spam,not spam,not spam,not spam,0.0
Is that on the telly? No its Brdget Jones!,not spam,not spam,not spam,not spam,not spam,not spam,not spam,0.0
Hmm...Bad news...Hype park plaza $700 studio taken...Only left 2 bedrm-$900...,not spam,spam,spam,spam,spam,spam,spam,1.0
"I hav almost reached. Call, i m unable to connect u.",not spam,not spam,spam,not spam,not spam,not spam,not spam,0.2
I have had two more letters from . I will copy them for you cos one has a message for you. Speak soon,not spam,not spam,not spam,not spam,not spam,not spam,not spam,0.0
Dont you have message offer,not spam,spam,not spam,spam,spam,spam,spam,0.8
Had your mobile 11mths ? Update for FREE to Oranges latest colour camera mobiles & unlimited weekend calls. Call Mobile Upd8 on freefone 08000839402 or 2StopTx,spam,spam,spam,spam,spam,spam,spam,1.0
"HEY THERE BABE, HOW U DOIN? WOT U UP 2 2NITE LOVE ANNIE X.",not spam,not spam,not spam,not spam,spam,spam,not spam,0.4
:-( that's not v romantic!,not spam,not spam,not spam,not spam,not spam,not spam,not spam,0.0
Hello. Damn this christmas thing. I think i have decided to keep this mp3 that doesnt work.,not spam,not spam,not spam,not spam,not spam,not spam,not spam,0.0
You have 1 new message. Please call 08718738034.,spam,spam,spam,spam,spam,spam,spam,1.0
HI DARLIN IM MISSIN U HOPE YOU ARE HAVING A GOOD TIME. WHEN ARE U BACK AND WHAT TIME IF U CAN GIVE ME A CALL AT HOME. JESS XX,not spam,spam,spam,spam,spam,not spam,spam,0.8
<Forwarded from 21870000>Hi - this is your Mailbox Messaging SMS alert. You have 4 messages. You have 21 matches. Please call back on 09056242159 to retrieve your messages and matches,spam,spam,spam,spam,spam,spam,spam,1.0
"Congrats! 1 year special cinema pass for 2 is yours. call 09061209465 now! C Suprman V, Matrix3, StarWars3, etc all 4 FREE! bx420-ip4-5we. 150pm. Dont miss out!",spam,spam,spam,spam,spam,spam,spam,1.0
Nothin comes to my mind. ÌÏ help me buy hanger lor. Ur laptop not heavy?,not spam,spam,spam,not spam,spam,not spam,spam,0.6
Should I tell my friend not to come round til like  &lt;#&gt; ish?,not spam,not spam,not spam,not spam,not spam,not spam,not spam,0.0
Friendship poem: Dear O Dear U R Not Near But I Can Hear Dont Get Fear Live With Cheer No More Tear U R Always my Dear. Gud ni8,not spam,spam,spam,spam,spam,not spam,spam,0.8
"Aight that'll work, thanks",not spam,not spam,not spam,not spam,not spam,not spam,not spam,0.0
WIN a year supply of CDs 4 a store of ur choice worth å£500 & enter our å£100 Weekly draw txt MUSIC to 87066 Ts&Cs www.Ldew.com.subs16+1win150ppmx3,spam,spam,spam,spam,spam,spam,spam,1.0
Moby Pub Quiz.Win a å£100 High Street prize if u know who the new Duchess of Cornwall will be? Txt her first name to 82277.unsub STOP å£1.50 008704050406 SP Arrow,spam,spam,spam,spam,spam,spam,spam,1.0
You have won a Nokia 7250i. This is what you get when you win our FREE auction. To take part send Nokia to 86021 now. HG/Suite342/2Lands Row/W1JHL 16+ ,spam,spam,spam,spam,spam,spam,spam,1.0
"Congratulations! Thanks to a good friend U have WON the å£2,000 Xmas prize. 2 claim is easy, just call 08718726971 NOW! Only 10p per minute. BT-national-rate.",spam,spam,spam,spam,spam,spam,spam,1.0
"tddnewsletter@emc1.co.uk (More games from TheDailyDraw) Dear Helen, Dozens of Free Games - with great prizesWith..",spam,spam,spam,spam,spam,spam,spam,1.0
Also that chat was awesome but don't make it regular unless you can see her in person,not spam,not spam,not spam,not spam,not spam,not spam,not spam,0.0
That's significant but dont worry.,not spam,not spam,not spam,not spam,not spam,not spam,not spam,0.0
That's cause your old. I live to be high.,not spam,not spam,spam,spam,not spam,not spam,not spam,0.4
"Waqt se pehle or naseeb se zyada kisi ko kuch nahi milta,Zindgi wo nahi he jo hum sochte hai Zindgi wo hai jo ham jeetey hai..........",not spam,not spam,not spam,not spam,not spam,not spam,not spam,0.0
This pain couldn't have come at a worse time.,not spam,not spam,not spam,not spam,not spam,not spam,not spam,0.0
Ok...,not spam,not spam,not spam,not spam,not spam,not spam,not spam,0.0
"URGENT! Your mobile number *************** WON a å£2000 Bonus Caller prize on 10/06/03! This is the 2nd attempt to reach you! Call 09066368753 ASAP! Box 97N7QP, 150ppm",spam,spam,spam,spam,spam,spam,spam,1.0
Do you like Italian food?,not spam,not spam,not spam,not spam,not spam,not spam,not spam,0.0
Double your mins & txts on Orange or 1/2 price linerental - Motorola and SonyEricsson with B/Tooth FREE-Nokia FREE Call MobileUpd8 on 08000839402 or2optout/HV9D,spam,spam,spam,spam,spam,spam,spam,1.0
Okie...,not spam,not spam,not spam,not spam,not spam,not spam,not spam,0.0
"Hi this is yijue, can i meet u at 11 tmr?",not spam,not spam,not spam,not spam,not spam,not spam,not spam,0.0
Its posible dnt live in  &lt;#&gt; century cm frwd n thnk different,not spam,spam,spam,spam,spam,spam,spam,1.0
But i dint slept in afternoon.,not spam,not spam,not spam,not spam,not spam,not spam,not spam,0.0
That seems unnecessarily affectionate,not spam,not spam,not spam,not spam,not spam,not spam,not spam,0.0
Yar else i'll thk of all sorts of funny things.,not spam,not spam,not spam,not spam,spam,not spam,not spam,0.2
"Download as many ringtones as u like no restrictions, 1000s 2 choose. U can even send 2 yr buddys. Txt Sir to 80082 å£3 ",spam,spam,spam,spam,spam,spam,spam,1.0
Please CALL 08712402902 immediately as there is an urgent message waiting for you.,spam,spam,spam,spam,spam,spam,spam,1.0
"Hello, my love ! How went your day ? Are you alright ? I think of you, my sweet and send a jolt to your heart to remind you ... I LOVE YOU! Can you hear it ? I screamed it across the sea for all the world to hear. Ahmad al Hallaq is loved ! and owned ! *possessive passionate kiss*",not spam,spam,spam,spam,not spam,not spam,spam,0.6
No..he joined today itself.,not spam,not spam,not spam,not spam,not spam,not spam,not spam,0.0
"Spook up your mob with a Halloween collection of a logo & pic message plus a free eerie tone, txt CARD SPOOK to 8007 zed 08701417012150p per logo/pic",spam,spam,spam,spam,spam,spam,spam,1.0
"Fantasy Football is back on your TV. Go to Sky Gamestar on Sky Active and play å£250k Dream Team. Scoring starts on Saturday, so register now!SKY OPT OUT to 88088",spam,spam,spam,spam,spam,spam,spam,1.0
Tone Club: Your subs has now expired 2 re-sub reply MONOC 4 monos or POLYC 4 polys 1 weekly @ 150p per week Txt STOP 2 stop This msg free Stream 0871212025016,spam,spam,spam,spam,spam,spam,spam,1.0
V nice! Off 2 sheffield tom 2 air my opinions on categories 2 b used 2 measure ethnicity in next census. Busy transcribing. :-),not spam,not spam,not spam,not spam,not spam,not spam,not spam,0.0
"A Boy loved a gal. He propsd bt she didnt mind. He gv lv lttrs, Bt her frnds threw thm. Again d boy decided 2 aproach d gal , dt time a truck was speeding towards d gal. Wn it was about 2 hit d girl,d boy ran like hell n saved her. She asked 'hw cn u run so fast?' D boy replied \Boost is d secret of my energy\"" n instantly d girl shouted \""our energy\"" n Thy lived happily 2gthr drinking boost evrydy Moral of d story:- I hv free msgs:D;): gud ni8""",not spam,not spam,spam,spam,spam,spam,spam,0.8
"That day Ì_ say Ì_ cut ur hair at paragon, is it called hair sense? Do Ì_ noe how much is a hair cut? ",not spam,not spam,spam,not spam,not spam,not spam,not spam,0.2
Watching tv lor... Y she so funny we bluff her 4 wat. Izzit because she thk it's impossible between us?,not spam,not spam,spam,not spam,not spam,not spam,not spam,0.2
XMAS Prize draws! We are trying to contact U. Todays draw shows that you have won a å£2000 prize GUARANTEED. Call 09058094565 from land line. Valid 12hrs only,spam,spam,spam,spam,spam,spam,spam,1.0
Dunno lei he neva say...,not spam,not spam,not spam,not spam,not spam,not spam,not spam,0.0
YES! The only place in town to meet exciting adult singles is now in the UK. Txt CHAT to 86688 now! 150p/Msg.,spam,spam,spam,spam,spam,spam,spam,1.0
"Hi, Mobile no.  &lt;#&gt;  has added you in their contact list on www.fullonsms.com It s a great place to send free sms to people For more visit fullonsms.com",not spam,spam,spam,spam,spam,spam,spam,1.0
"Good evening Sir, hope you are having a nice day. I wanted to bring it to your notice that I have been late in paying rent for the past few months and have had to pay a $ &lt;#&gt;  charge. I felt it would be inconsiderate of me to nag about something you give at great cost to yourself and that's why i didnt speak up. I however am in a recession and wont be able to pay the charge this month hence my askin well ahead of month's end. Can you please help. Thank you for everything.",not spam,not spam,not spam,not spam,not spam,not spam,not spam,0.0
"Best line said in Love: . \I will wait till the day I can forget u Or The day u realize that u cannot forget me.\""... Gn""",not spam,spam,spam,spam,spam,not spam,spam,0.8
I will reach before ten morning,not spam,not spam,not spam,not spam,not spam,not spam,not spam,0.0
Your pussy is perfect!,not spam,spam,spam,spam,spam,spam,spam,1.0
"Someone has contacted our dating service and entered your phone becausethey fancy you! To find out who it is call from a landline 09058098002. PoBox1, W14RG 150p",spam,spam,spam,spam,spam,spam,spam,1.0
Also where's the piece,not spam,not spam,not spam,not spam,not spam,not spam,not spam,0.0
Boo. How's things? I'm back at home and a little bored already :-(,not spam,not spam,not spam,not spam,not spam,not spam,not spam,0.0
First has she gained more than  &lt;#&gt; kg since she took in. Second has she done the blood sugar tests. If she has and its ok and her blood pressure is within normal limits then no worries,not spam,not spam,not spam,spam,not spam,not spam,not spam,0.2
PICK UR FONE UP NOW U DUMB?,not spam,spam,spam,spam,spam,spam,spam,1.0
"Okey doke. I'm at home, but not dressed cos laying around ill! Speak to you later bout times and stuff. ",not spam,not spam,not spam,not spam,not spam,not spam,not spam,0.0
I don't run away frm u... I walk slowly &amp; it kills me that u don't care enough to stop me...,not spam,not spam,spam,not spam,not spam,not spam,not spam,0.2
"Babe, I'm back ... Come back to me ...",not spam,not spam,not spam,not spam,not spam,not spam,not spam,0.0
Babe: U want me dont u baby! Im nasty and have a thing 4 filthyguys. Fancy a rude time with a sexy bitch. How about we go slo n hard! Txt XXX SLO(4msgs),spam,spam,spam,spam,spam,spam,spam,1.0
Jesus christ bitch I'm trying to give you drugs answer your fucking phone,not spam,spam,spam,spam,spam,spam,spam,1.0
Ok... Thanx... Gd nite 2 Ì_ too...,not spam,not spam,not spam,not spam,not spam,not spam,not spam,0.0
I don't know u and u don't know me. Send CHAT to 86688 now and let's find each other! Only 150p/Msg rcvd. HG/Suite342/2Lands/Row/W1J6HL LDN. 18 years or over.,spam,spam,spam,spam,spam,spam,spam,1.0
SMS SERVICES For your inclusive text credits pls gotto www.comuk.net login 3qxj9 unsubscribe with STOP no extra charge help 08702840625 comuk.220cm2 9AE,spam,spam,spam,spam,spam,spam,spam,1.0
A bloo bloo bloo I'll miss the first bowl,not spam,not spam,not spam,not spam,not spam,not spam,not spam,0.0
Hey!!! I almost forgot ... Happy B-day babe ! I love ya!!,not spam,not spam,not spam,not spam,not spam,not spam,not spam,0.0
Valentines Day Special! Win over å£1000 in our quiz and take your partner on the trip of a lifetime! Send GO to 83600 now. 150p/msg rcvd. CustCare:08718720201,spam,spam,spam,spam,spam,spam,spam,1.0
Do you think i can move  &lt;#&gt;  in a week,not spam,not spam,not spam,spam,not spam,not spam,not spam,0.2
Guess who am I?This is the first time I created a web page WWW.ASJESUS.COM read all I wrote. I'm waiting for your opinions. I want to be your friend 1/1,spam,spam,spam,spam,spam,spam,spam,1.0
Really dun bluff me leh... U sleep early too. Nite...,not spam,not spam,spam,not spam,not spam,not spam,not spam,0.2
"For ur chance to win å£250 cash every wk TXT: PLAY to 83370. T's&C's www.music-trivia.net custcare 08715705022, 1x150p/wk.",spam,spam,spam,spam,spam,spam,spam,1.0
I not busy juz dun wan 2 go so early.. Hee.. ,not spam,not spam,spam,not spam,not spam,not spam,not spam,0.2
"Great. I'm in church now, will holla when i get out",not spam,not spam,not spam,not spam,not spam,not spam,not spam,0.0
Back in brum! Thanks for putting us up and keeping us all and happy. See you soon ,not spam,not spam,not spam,not spam,not spam,not spam,not spam,0.0
"Sorry, I'll call later",not spam,not spam,not spam,not spam,not spam,not spam,not spam,0.0
Then she dun believe wat?,not spam,not spam,not spam,not spam,not spam,not spam,not spam,0.0
I know complain num only..bettr directly go to bsnl offc nd apply for it..,not spam,spam,spam,spam,spam,not spam,spam,0.8
Okay. I've seen it. So i should pick it on friday?,not spam,not spam,not spam,not spam,not spam,not spam,not spam,0.0
How much she payed. Suganya.,not spam,not spam,not spam,not spam,spam,not spam,not spam,0.2
"Cool, I'll text you when I'm on the way",not spam,not spam,not spam,not spam,not spam,not spam,not spam,0.0
"Good afternoon, babe. How goes that day ? Any job prospects yet ? I miss you, my love ... *sighs* ... :-(",not spam,not spam,not spam,not spam,spam,not spam,not spam,0.2
They will pick up and drop in car.so no problem..,not spam,not spam,spam,not spam,not spam,not spam,not spam,0.2
Is there coming friday is leave for pongal?do you get any news from your work place.,not spam,not spam,not spam,not spam,not spam,not spam,not spam,0.0
"sry can't talk on phone, with parents",not spam,not spam,not spam,not spam,not spam,not spam,not spam,0.0
"Final Chance! Claim ur å£150 worth of discount vouchers today! Text YES to 85023 now! SavaMob, member offers mobile! T Cs SavaMob POBOX84, M263UZ. å£3.00 Subs 16",spam,spam,spam,spam,spam,spam,spam,1.0
Ok lor wat time Ì_ finish?,not spam,not spam,not spam,not spam,not spam,not spam,not spam,0.0
"Princess, i like to make love  &lt;#&gt;  times per night. Hope thats not a problem!",not spam,spam,spam,spam,spam,spam,spam,1.0
i dnt wnt to tlk wid u,not spam,not spam,spam,not spam,not spam,not spam,not spam,0.2
Not yet. Just i'd like to keep in touch and it will be the easiest way to do that from barcelona. By the way how ru and how is the house?,not spam,not spam,not spam,not spam,not spam,not spam,not spam,0.0
"Sppok up ur mob with a Halloween collection of nokia logo&pic message plus a FREE eerie tone, txt CARD SPOOK to 8007",spam,spam,spam,spam,spam,spam,spam,1.0
"Urgent! call 09066612661 from landline. Your complementary 4* Tenerife Holiday or å£10,000 cash await collection SAE T&Cs PO Box 3 WA14 2PX 150ppm 18+ Sender: Hol Offer",spam,spam,spam,spam,spam,spam,spam,1.0
Pansy! You've been living in a jungle for two years! Its my driving you should be more worried about!,not spam,spam,not spam,not spam,not spam,not spam,not spam,0.2
Mm have some kanji dont eat anything heavy ok,not spam,not spam,not spam,not spam,not spam,not spam,not spam,0.0
WINNER! As a valued network customer you hvae been selected to receive a å£900 reward! To collect call 09061701444. Valid 24 hours only. ACL03530150PM,spam,spam,spam,spam,spam,spam,spam,1.0
HCL chennai requires FRESHERS for voice process.Excellent english needed.Salary upto  &lt;#&gt; .Call Ms.Suman  &lt;#&gt;  for Telephonic interview -via Indyarocks.com,not spam,spam,spam,spam,spam,spam,spam,1.0
"I know where the  &lt;#&gt;  is, I'll be there around 5",not spam,not spam,not spam,not spam,not spam,not spam,not spam,0.0
"Hello, my boytoy! I made it home and my constant thought is of you, my love. I hope your having a nice visit but I can't wait till you come home to me ...*kiss*",not spam,not spam,spam,spam,not spam,not spam,not spam,0.4
Yunny i'm walking in citylink now Ì_ faster come down... Me very hungry...,not spam,not spam,spam,not spam,not spam,not spam,not spam,0.2
Er yep sure. Props?,not spam,not spam,not spam,not spam,not spam,not spam,not spam,0.0
U have won a nokia 6230 plus a free digital camera. This is what u get when u win our FREE auction. To take part send NOKIA to 83383 now. POBOX114/14TCR/W1 16,spam,spam,spam,spam,spam,spam,spam,1.0
"Sorry, I'll call later",not spam,not spam,not spam,not spam,not spam,not spam,not spam,0.0
"Sorry, I'll call later",not spam,not spam,not spam,not spam,not spam,not spam,not spam,0.0
FREE entry into our å£250 weekly comp just send the word WIN to 80086 NOW. 18 T&C www.txttowin.co.uk,spam,spam,spam,spam,spam,spam,spam,1.0
What's happening with you. Have you gotten a job and have you begun registration for permanent residency,not spam,spam,not spam,not spam,not spam,not spam,not spam,0.2
Yup ok...,not spam,not spam,not spam,not spam,not spam,not spam,not spam,0.0
"Can you pls pls send me a mail on all you know about relatives coming to deliver here? All you know about costs, risks, benefits and anything else. Thanks.",not spam,spam,spam,not spam,not spam,not spam,not spam,0.4
You do what all you like,not spam,not spam,not spam,not spam,not spam,not spam,not spam,0.0
Hmmm:)how many players selected?,not spam,not spam,not spam,not spam,not spam,not spam,not spam,0.0
"She is our sister.. She belongs 2 our family.. She is d hope of tomorrow.. Pray 4 her,who was fated 4 d Shoranur train incident. Lets hold our hands together &amp; fuelled by love &amp; concern prior 2 her grief &amp; pain. Pls join in dis chain &amp; pass it. STOP VIOLENCE AGAINST WOMEN.",not spam,spam,not spam,not spam,not spam,spam,not spam,0.4
So are you guys asking that i get that slippers again or its gone with last year,not spam,not spam,not spam,not spam,not spam,not spam,not spam,0.0
"Text82228>> Get more ringtones, logos and games from www.txt82228.com. Questions: info@txt82228.co.uk",spam,spam,spam,spam,spam,spam,spam,1.0
Honestly i've just made a lovely cup of tea and promptly dropped my keys in it and then burnt my fingers getting them out!,not spam,not spam,not spam,not spam,not spam,not spam,not spam,0.0
Please sen :)my kind advice :-)please come here and try:-),not spam,not spam,spam,spam,not spam,spam,spam,0.6
ÌÏ give me some time to walk there.,not spam,not spam,not spam,not spam,not spam,not spam,not spam,0.0
"FreeMSG You have been awarded a FREE mini DIGITAL CAMERA, just reply SNAP to collect your prize! (quizclub Opt out? Stop 80122300p/wk SP:RWM Ph:08704050406)",spam,spam,spam,spam,spam,spam,spam,1.0
This message is brought to you by GMW Ltd. and is not connected to the,spam,not spam,not spam,spam,spam,spam,spam,0.6
"Some friends want me to drive em someplace, probably take a while",not spam,not spam,not spam,not spam,not spam,not spam,not spam,0.0
Are you still getting the goods.,not spam,not spam,not spam,spam,spam,spam,spam,0.6
"Under the sea, there lays a rock. In the rock, there is an envelope. In the envelope, there is a paper. On the paper, there are 3 words... '",not spam,not spam,not spam,not spam,not spam,not spam,not spam,0.0
Hey. For me there is no leave on friday. Wait i will ask my superior and tell you..,not spam,not spam,spam,not spam,not spam,not spam,not spam,0.2
From 5 to 2 only my work timing.,not spam,not spam,not spam,not spam,not spam,not spam,not spam,0.0
Û_ and donÛ÷t worry weÛ÷ll have finished by march Û_ ish!,not spam,not spam,not spam,not spam,not spam,not spam,not spam,0.0
"Congrats 2 mobile 3G Videophones R yours. call 09063458130 now! videochat wid ur mates, play java games, Dload polypH music, noline rentl. bx420. ip4. 5we. 150p",spam,spam,spam,spam,spam,spam,spam,1.0
Your next amazing xxx PICSFREE1 video will be sent to you enjoy! If one vid is not enough for 2day text back the keyword PICSFREE1 to get the next video.,spam,spam,spam,spam,spam,spam,spam,1.0
In sch but neva mind u eat 1st lor..,not spam,not spam,spam,not spam,not spam,not spam,not spam,0.2
Erm. I thought the contract ran out the4th of october.,not spam,not spam,not spam,not spam,not spam,not spam,not spam,0.0
I dunno until when... Lets go learn pilates...,not spam,not spam,not spam,not spam,not spam,not spam,not spam,0.0
U are subscribed to the best Mobile Content Service in the UK for å£3 per ten days until you send STOP to 83435. Helpline 08706091795.,spam,spam,spam,spam,spam,spam,spam,1.0
"3 FREE TAROT TEXTS! Find out about your love life now! TRY 3 FOR FREE! Text CHANCE to 85555 16 only! After 3 Free, Msgs å£1.50 each",spam,spam,spam,spam,spam,spam,spam,1.0
I will be outside office take all from there,not spam,not spam,spam,not spam,not spam,not spam,not spam,0.2
"Aight, see you in a bit",not spam,not spam,not spam,not spam,not spam,not spam,not spam,0.0
Join the UK's horniest Dogging service and u can have sex 2nite!. Just sign up and follow the instructions. Txt ENTRY to 69888 now! Nyt.EC2A.3LP.msg@150p,spam,spam,spam,spam,spam,spam,spam,1.0
Lol I have to take it. member how I said my aunt flow didn't visit for 6 months? It's cause I developed ovarian cysts. Bc is the only way to shrink them.,not spam,not spam,spam,not spam,not spam,not spam,not spam,0.2
Still work going on:)it is very small house.,not spam,not spam,not spam,not spam,not spam,not spam,not spam,0.0
Sunshine Quiz Wkly Q! Win a top Sony DVD player if u know which country Liverpool played in mid week? Txt ansr to 82277. å£1.50 SP:Tyrone,spam,spam,spam,spam,spam,spam,spam,1.0
"As usual..iam fine, happy &amp; doing well..:)",not spam,not spam,not spam,not spam,not spam,not spam,not spam,0.0
R U &SAM P IN EACHOTHER. IF WE MEET WE CAN GO 2 MY HOUSE,not spam,spam,spam,spam,spam,spam,spam,1.0
Hello madam how are you ?,not spam,not spam,not spam,not spam,not spam,not spam,not spam,0.0
"As usual..iam fine, happy &amp; doing well..:)",not spam,not spam,not spam,not spam,not spam,not spam,not spam,0.0
Knock Knock Txt whose there to 80082 to enter r weekly draw 4 a å£250 gift voucher 4 a store of yr choice. T&Cs www.tkls.com age16 to stoptxtstopå£1.50/week,spam,spam,spam,spam,spam,spam,spam,1.0
Thanks for sending this mental ability question..,not spam,not spam,not spam,not spam,not spam,not spam,not spam,0.0
2marrow only. Wed at  &lt;#&gt;  to 2 aha.,not spam,spam,spam,spam,not spam,spam,spam,0.8
I went to ur hon lab but no one is there.,not spam,not spam,spam,not spam,not spam,not spam,not spam,0.2
Hey pple...$700 or $900 for 5 nights...Excellent location wif breakfast hamper!!!,not spam,spam,spam,spam,spam,spam,spam,1.0
<Forwarded from 21870000>Hi - this is your Mailbox Messaging SMS alert. You have 40 matches. Please call back on 09056242159 to retrieve your messages and matches cc100p/min,spam,spam,spam,spam,spam,spam,spam,1.0
Lol! Nah wasn't too bad thanks. Its good to b home but its been quite a reality check. Hows ur day been? Did u do anything with website?,not spam,not spam,not spam,not spam,not spam,not spam,not spam,0.0
"FREE RING TONE just text \POLYS\"" to 87131. Then every week get a new tone. 0870737910216yrs only å£1.50/wk.""",spam,spam,spam,spam,spam,spam,spam,1.0
Unni thank you dear for the recharge..Rakhesh,not spam,not spam,not spam,not spam,not spam,not spam,not spam,0.0
"URGENT! Your mobile No 077xxx WON a å£2,000 Bonus Caller Prize on 02/06/03! This is the 2nd attempt to reach YOU! Call 09066362206 ASAP! BOX97N7QP, 150ppm",spam,spam,spam,spam,spam,spam,spam,1.0
"Sorry da thangam, very very sorry i am held up with prasad.",not spam,not spam,not spam,not spam,not spam,not spam,not spam,0.0
"You are guaranteed the latest Nokia Phone, a 40GB iPod MP3 player or a å£500 prize! Txt word: COLLECT to No: 83355! IBHltd LdnW15H 150p/Mtmsgrcvd18",spam,spam,spam,spam,spam,spam,spam,1.0
"Em, its olowoyey@ usc.edu have a great time in argentina. Not sad about secretary, everything is a blessing",not spam,spam,not spam,not spam,not spam,not spam,not spam,0.2
"You might want to pull out more just in case and just plan on not spending it if you can, I don't have much confidence in derek and taylor's money management",not spam,not spam,spam,not spam,not spam,not spam,not spam,0.2
Do you like shaking your booty on the dance floor?,not spam,not spam,not spam,spam,not spam,not spam,not spam,0.2
Sorry da:)i was thought of calling you lot of times:)lil busy.i will call you at noon..,not spam,not spam,not spam,not spam,not spam,not spam,not spam,0.0
Its sarcasm.. .nt scarcasim,not spam,not spam,not spam,not spam,not spam,not spam,not spam,0.0
Feel like trying kadeem again? :V,not spam,spam,not spam,not spam,not spam,not spam,not spam,0.2
Dai  &lt;#&gt;  naal eruku.,not spam,not spam,not spam,not spam,not spam,not spam,not spam,0.0
Want to finally have lunch today?,not spam,not spam,not spam,not spam,not spam,not spam,not spam,0.0
Do you know when dad will be back?,not spam,not spam,not spam,not spam,not spam,not spam,not spam,0.0
"Hello darling how are you today? I would love to have a chat, why dont you tell me what you look like and what you are in to sexy?",spam,spam,spam,spam,spam,spam,spam,1.0
8007 FREE for 1st week! No1 Nokia tone 4 ur mob every week just txt NOKIA to 8007 Get txting and tell ur mates www.getzed.co.uk POBox 36504 W4 5WQ norm 150p/tone 16+,spam,spam,spam,spam,spam,spam,spam,1.0
"* Was a nice day and, impressively, i was sensible, went home early and now feel fine. Or am i just boring?! When's yours, i can't remember.",not spam,not spam,not spam,not spam,not spam,not spam,not spam,0.0
Why de. You looking good only:-)..,not spam,not spam,not spam,not spam,not spam,not spam,not spam,0.0
Wanna get laid 2nite? Want real Dogging locations sent direct to ur mobile? Join the UK's largest Dogging Network. Txt PARK to 69696 now! Nyt. ec2a. 3lp å£1.50/msg,spam,spam,spam,spam,spam,spam,spam,1.0
we tried to contact you re your response to our offer of a new nokia fone and camcorder hit reply or call 08000930705 for delivery,spam,spam,spam,spam,spam,spam,spam,1.0
"That's cool, I'll come by like  &lt;#&gt; ish",not spam,not spam,not spam,not spam,not spam,not spam,not spam,0.0
Was playng 9 doors game and gt racing on phone lol,not spam,not spam,spam,not spam,not spam,not spam,not spam,0.2
"New Tones This week include: 1)McFly-All Ab.., 2) Sara Jorge-Shock.. 3) Will Smith-Switch.. To order follow instructions on next message",spam,spam,spam,spam,spam,spam,spam,1.0
I'm okay. Chasing the dream. What's good. What are you doing next.,not spam,not spam,not spam,not spam,not spam,not spam,not spam,0.0
Yupz... I've oredi booked slots 4 my weekends liao... ,not spam,not spam,spam,not spam,not spam,not spam,not spam,0.2
URGENT! We are trying to contact U. Todays draw shows that you have won a å£800 prize GUARANTEED. Call 09050003091 from land line. Claim C52. Valid 12hrs only,spam,spam,spam,spam,spam,spam,spam,1.0
There r many model..sony ericson also der.. &lt;#&gt; ..it luks good bt i forgot modl no,not spam,not spam,spam,not spam,not spam,not spam,not spam,0.2
"Ya ok, vikky vl c witin  &lt;#&gt; mins and il reply u..",not spam,spam,spam,spam,not spam,not spam,spam,0.6
sports fans - get the latest sports news str* 2 ur mobile 1 wk FREE PLUS a FREE TONE Txt SPORT ON to 8007 www.getzed.co.uk 0870141701216+ norm 4txt/120p ,spam,spam,spam,spam,spam,spam,spam,1.0
"Urgent Urgent! We have 800 FREE flights to Europe to give away, call B4 10th Sept & take a friend 4 FREE. Call now to claim on 09050000555. BA128NNFWFLY150ppm",spam,spam,spam,spam,spam,spam,spam,1.0
Hey sexy buns! What of that day? No word from you this morning on YM ... :-( ... I think of you,not spam,spam,spam,spam,spam,spam,spam,1.0
And whenever you and i see we can still hook up too.,not spam,not spam,not spam,not spam,not spam,spam,not spam,0.2
FROM 88066 LOST å£12 HELP,spam,spam,spam,spam,spam,spam,spam,1.0
"Feb  &lt;#&gt;  is \I LOVE U\"" day. Send dis to all ur \""VALUED FRNDS\"" evn me. If 3 comes back u'll gt married d person u luv! If u ignore dis u will lose ur luv 4 Evr""",not spam,spam,spam,spam,spam,spam,spam,1.0
"Hiya, sorry didn't hav signal. I haven't seen or heard from and neither has, which is unusual in itself! I'll put on the case and get him to sort it out! Hugs and snogs.",not spam,not spam,not spam,not spam,not spam,not spam,not spam,0.0
"Omw back to tampa from west palm, you hear what happened?",not spam,not spam,not spam,not spam,not spam,not spam,not spam,0.0
FreeMsg: Fancy a flirt? Reply DATE now & join the UKs fastest growing mobile dating service. Msgs rcvd just 25p to optout txt stop to 83021. Reply DATE now!,spam,spam,spam,spam,spam,spam,spam,1.0
What i mean is do they come chase you out when its over or is it stated you can watch as many movies as you want.,not spam,not spam,not spam,not spam,not spam,not spam,not spam,0.0
Great NEW Offer - DOUBLE Mins & DOUBLE Txt on best Orange tariffs AND get latest camera phones 4 FREE! Call MobileUpd8 free on 08000839402 NOW! or 2stoptxt T&Cs,spam,spam,spam,spam,spam,spam,spam,1.0
Sorry de i went to shop.,not spam,not spam,not spam,not spam,not spam,not spam,not spam,0.0
Hope you enjoyed your new content. text stop to 61610 to unsubscribe. help:08712400602450p Provided by tones2you.co.uk,spam,spam,spam,spam,spam,spam,spam,1.0
Nope i'm not drivin... I neva develop da photos lei...,not spam,not spam,spam,not spam,not spam,not spam,not spam,0.2
Cool. I am  &lt;#&gt;  inches long. hope you like them big!,not spam,spam,not spam,spam,spam,spam,spam,0.8
18 days to Euro2004 kickoff! U will be kept informed of all the latest news and results daily. Unsubscribe send GET EURO STOP to 83222.,spam,spam,spam,spam,spam,spam,spam,1.0
Go where n buy? Juz buy when we get there lar.,not spam,not spam,spam,not spam,not spam,not spam,not spam,0.2
It's justbeen overa week since we broke up and already our brains are going to mush!,not spam,not spam,not spam,not spam,not spam,not spam,not spam,0.0
"Tunde, how are you doing. This is just wishing you a great day. Abiola.",not spam,not spam,not spam,not spam,not spam,not spam,not spam,0.0
No. But we'll do medical missions to nigeria,not spam,not spam,not spam,spam,not spam,not spam,not spam,0.2
No i am not having not any movies in my laptop,not spam,not spam,not spam,not spam,not spam,not spam,not spam,0.0
Urgent Please call 09066612661 from landline. å£5000 cash or a luxury 4* Canary Islands Holiday await collection. T&Cs SAE award. 20M12AQ. 150ppm. 16+ ÛÏ,spam,spam,spam,spam,spam,spam,spam,1.0
"Urgent! Please call 09066612661 from your landline, your complimentary 4* Lux Costa Del Sol holiday or å£1000 CASH await collection. ppm 150 SAE T&Cs James 28, EH74RR",spam,spam,spam,spam,spam,spam,spam,1.0
Do Ì_ noe if ben is going?,not spam,not spam,not spam,not spam,not spam,not spam,not spam,0.0
Can you do a mag meeting this avo at some point?,not spam,not spam,not spam,not spam,not spam,not spam,not spam,0.0
Really? I crashed out cuddled on my sofa.,not spam,not spam,not spam,not spam,not spam,not spam,not spam,0.0
Are you this much buzy,not spam,not spam,not spam,not spam,not spam,not spam,not spam,0.0
I don't know u and u don't know me. Send CHAT to 86688 now and let's find each other! Only 150p/Msg rcvd. HG/Suite342/2Lands/Row/W1J6HL LDN. 18 years or over.,spam,spam,spam,spam,spam,spam,spam,1.0
No * am working on the ringing u thing but have whole houseful of screaming brats so * am pulling my hair out! Loving u,not spam,not spam,not spam,not spam,not spam,not spam,not spam,0.0
Play w computer? Aiyah i tok 2 u lor?,not spam,not spam,not spam,not spam,not spam,not spam,not spam,0.0
Sat right? Okay thanks... ,not spam,not spam,not spam,not spam,not spam,not spam,not spam,0.0
"Derp. Which is worse, a dude who always wants to party or a dude who files a complaint about the three drug abusers he lives with",not spam,not spam,not spam,not spam,not spam,not spam,not spam,0.0
Ok Chinese food on its way. When I get fat you're paying for my lipo.,not spam,spam,spam,spam,spam,not spam,spam,0.8
What time. IÛ÷m out until prob 3 or so,not spam,not spam,not spam,not spam,not spam,not spam,not spam,0.0
I am not sure about night menu. . . I know only about noon menu,not spam,not spam,not spam,not spam,not spam,not spam,not spam,0.0
 and  picking them up from various points,not spam,not spam,not spam,not spam,not spam,not spam,not spam,0.0
Married local women looking for discreet action now! 5 real matches instantly to your phone. Text MATCH to 69969 Msg cost 150p 2 stop txt stop BCMSFWC1N3XX,spam,spam,spam,spam,spam,spam,spam,1.0
I am on the way to ur home,not spam,not spam,not spam,not spam,not spam,not spam,not spam,0.0
Burger King - Wanna play footy at a top stadium? Get 2 Burger King before 1st Sept and go Large or Super with Coca-Cola and walk out a winner,spam,spam,spam,spam,spam,spam,spam,1.0
No problem. Talk to you later,not spam,not spam,not spam,not spam,not spam,not spam,not spam,0.0
Still in customer place,not spam,not spam,not spam,not spam,not spam,not spam,not spam,0.0
How come it takes so little time for a child who is afraid of the dark to become a teenager who wants to stay out all night?,spam,not spam,not spam,not spam,not spam,not spam,not spam,0.0
"For ur chance to win a å£250 cash every wk TXT: ACTION to 80608. T's&C's www.movietrivia.tv custcare 08712405022, 1x150p/wk.",spam,spam,spam,spam,spam,spam,spam,1.0
Long after I quit. I get on only like 5 minutes a day as it is.,not spam,not spam,not spam,not spam,not spam,not spam,not spam,0.0
"Just arrived, see you in a couple days &lt;3",not spam,not spam,not spam,not spam,not spam,not spam,not spam,0.0
UÛªve Bin Awarded å£50 to Play 4 Instant Cash. Call 08715203028 To Claim. EVERY 9th Player Wins Min å£50-å£500. OptOut 08718727870,spam,spam,spam,spam,spam,spam,spam,1.0
Not from this campus. Are you in the library?,not spam,not spam,not spam,not spam,not spam,not spam,not spam,0.0
If I get there before you after your ten billion calls and texts so help me god,not spam,not spam,spam,spam,not spam,not spam,not spam,0.4
FreeMsg>FAV XMAS TONES!Reply REAL,spam,spam,spam,spam,spam,spam,spam,1.0
December only! Had your mobile 11mths+? You are entitled to update to the latest colour camera mobile for Free! Call The Mobile Update Co FREE on 08002986906 ,spam,spam,spam,spam,spam,spam,spam,1.0
Yes princess! I want to catch you with my big strong hands...,not spam,spam,spam,spam,spam,spam,spam,1.0
Thinkin about someone is all good. No drugs for that,not spam,not spam,not spam,not spam,not spam,not spam,not spam,0.0
"Enjoy the showers of possessiveness poured on u by ur loved ones, bcoz in this world of lies, it is a golden gift to be loved truly..",not spam,spam,spam,spam,spam,not spam,spam,0.8
"Gr8 Poly tones 4 ALL mobs direct 2u rply with POLY TITLE to 8007 eg POLY BREATHE1 Titles: CRAZYIN, SLEEPINGWITH, FINEST, YMCA :getzed.co.uk POBox365O4W45WQ 300p",spam,spam,spam,spam,spam,spam,spam,1.0
Thk some of em find wtc too far... Weiyi not goin... E rest i dunno yet... R ur goin 4 dinner den i might b able to join...,not spam,not spam,not spam,not spam,not spam,not spam,not spam,0.0
INTERFLORA - åÒIt's not too late to order Interflora flowers for christmas call 0800 505060 to place your order before Midnight tomorrow.,spam,spam,spam,spam,spam,spam,spam,1.0
ROMCAPspam Everyone around should be responding well to your presence since you are so warm and outgoing. You are bringing in a real breath of sunshine.,spam,spam,spam,spam,not spam,spam,spam,0.8
"Congratulations - Thanks to a good friend U have WON the å£2,000 Xmas prize. 2 claim is easy, just call 08712103738 NOW! Only 10p per minute. BT-national-rate",spam,spam,spam,spam,spam,spam,spam,1.0
Send a logo 2 ur lover - 2 names joined by a heart. Txt LOVE NAME1 NAME2 MOBNO eg LOVE ADAM EVE 07123456789 to 87077 Yahoo! POBox36504W45WQ TxtNO 4 no ads 150p.,spam,spam,spam,spam,spam,spam,spam,1.0
Howz that persons story,not spam,not spam,not spam,not spam,not spam,not spam,not spam,0.0
Thanx 4 sending me home...,not spam,not spam,not spam,not spam,not spam,not spam,not spam,0.0
"You've won tkts to the EURO2004 CUP FINAL or å£800 CASH, to collect CALL 09058099801 b4190604, POBOX 7876150ppm",spam,spam,spam,spam,spam,spam,spam,1.0
U sick still can go shopping?,not spam,not spam,not spam,not spam,spam,not spam,not spam,0.2
"Ya they are well and fine., BBD(pooja) full pimples..even she become quite black..and ur rite here its too cold, wearing sweatter..",not spam,spam,spam,not spam,not spam,not spam,not spam,0.4
Were trying to find a Chinese food place around here,not spam,not spam,not spam,not spam,not spam,not spam,not spam,0.0
"Easy mate, * guess the quick drink was bit ambitious.",not spam,not spam,spam,not spam,not spam,not spam,not spam,0.2
Will be out of class in a few hours. Sorry,not spam,not spam,not spam,not spam,not spam,not spam,not spam,0.0
Wat time u finish ur lect today?,not spam,not spam,not spam,not spam,not spam,not spam,not spam,0.0
"Free-message: Jamster!Get the crazy frog sound now! For poly text MAD1, for real text MAD2 to 88888. 6 crazy sounds for just 3 GBP/week! 16+only! T&C's apply",spam,spam,spam,spam,spam,spam,spam,1.0
"YOUR CHANCE TO BE ON A REALITY FANTASY SHOW call now = 08707509020 Just 20p per min NTT Ltd, PO Box 1327 Croydon CR9 5WB 0870 is a national = rate call",spam,spam,spam,spam,spam,spam,spam,1.0
I doubt you could handle 5 times per night in any case...,not spam,spam,not spam,spam,not spam,spam,spam,0.6
"Japanese Proverb: If one Can do it, U too Can do it, If none Can do it,U must do it Indian version: If one Can do it, LET HIM DO it.. If none Can do it,LEAVE it!! And finally Kerala version: If one can do it, Stop him doing it.. If none can do it, Make a strike against it ...",not spam,spam,not spam,not spam,not spam,not spam,not spam,0.2
"Do you know why god created gap between your fingers..? So that, One who is made for you comes &amp; fills those gaps by holding your hand with LOVE..!",not spam,not spam,spam,spam,not spam,not spam,not spam,0.4
I am not at all happy with what you saying or doing,not spam,not spam,not spam,not spam,not spam,not spam,not spam,0.0
Adult 18 Content Your video will be with you shortly,spam,spam,spam,spam,spam,spam,spam,1.0
"Ok that would b lovely, if u r sure. Think about wot u want to do, drinkin, dancin, eatin, cinema, in, out, about... Up to u! Wot about ? ",not spam,not spam,not spam,not spam,not spam,not spam,not spam,0.0
What I'm saying is if you haven't explicitly told nora I know someone I'm probably just not gonna bother,not spam,not spam,not spam,not spam,not spam,not spam,not spam,0.0
Smith waste da.i wanna gayle.,not spam,not spam,spam,spam,spam,not spam,spam,0.6
"House-Maid is the murderer, coz the man was murdered on  &lt;#&gt; th January.. As public holiday all govt.instituitions are closed,including post office..understand?",not spam,spam,spam,spam,spam,not spam,spam,0.8
"YOUR CHANCE TO BE ON A REALITY FANTASY SHOW call now = 08707509020 Just 20p per min NTT Ltd, PO Box 1327 Croydon CR9 5WB 0870 is a national = rate call.",spam,spam,spam,spam,spam,spam,spam,1.0
See you there! ,not spam,not spam,not spam,not spam,not spam,not spam,not spam,0.0
Fuck cedar key and fuck her (come over anyway tho),not spam,spam,spam,spam,not spam,not spam,spam,0.6
"Hey Boys. Want hot XXX pics sent direct 2 ur phone? Txt PORN to 69855, 24Hrs free and then just 50p per day. To stop text STOPBCM SF WC1N3XX",spam,spam,spam,spam,spam,spam,spam,1.0
"Last Chance! Claim ur å£150 worth of discount vouchers today! Text SHOP to 85023 now! SavaMob, offers mobile! T Cs SavaMob POBOX84, M263UZ. å£3.00 Sub. 16",spam,spam,spam,spam,spam,spam,spam,1.0
Printer is cool. I mean groovy. Wine is groovying,not spam,not spam,not spam,not spam,not spam,not spam,not spam,0.0
Anything lor is she coming?,not spam,not spam,not spam,not spam,not spam,not spam,not spam,0.0
No probs hon! How u doinat the mo?,not spam,not spam,not spam,not spam,not spam,not spam,not spam,0.0
"pdate_Now - Double mins and 1000 txts on Orange tariffs. Latest Motorola, SonyEricsson & Nokia & Bluetooth FREE! Call MobileUpd8 on 08000839402 or call2optout/!YHL",spam,spam,spam,spam,spam,spam,spam,1.0
"Aight, I should be there by 8 at the latest, probably closer to 7. Are jay and tyler down or should we just do two trips?",not spam,not spam,not spam,not spam,not spam,not spam,not spam,0.0
Ur cash-balance is currently 500 pounds - to maximize ur cash-in now send CASH to 86688 only 150p/msg. CC: 08718720201 PO BOX 114/14 TCR/W1,spam,spam,spam,spam,spam,spam,spam,1.0
Tell me pa. How is pain de.,not spam,not spam,not spam,not spam,not spam,not spam,not spam,0.0
URGENT! Your Mobile number has been awarded with a å£2000 prize GUARANTEED. Call 09058094454 from land line. Claim 3030. Valid 12hrs only,spam,spam,spam,spam,spam,spam,spam,1.0
Kindly send some one to our flat before  &lt;DECIMAL&gt;  today.,not spam,spam,not spam,spam,spam,not spam,spam,0.6
Sorry! U can not unsubscribe yet. THE MOB offer package has a min term of 54 weeks> pls resubmit request after expiry. Reply THEMOB HELP 4 more info,spam,spam,spam,spam,spam,spam,spam,1.0
Nothing lor... A bit bored too... Then y dun u go home early 2 sleep today...,not spam,not spam,not spam,not spam,not spam,not spam,not spam,0.0
What time should I tell my friend to be around?,not spam,not spam,not spam,not spam,not spam,not spam,not spam,0.0
Yes. that will be fine. Love you. Be safe.,not spam,not spam,not spam,not spam,not spam,not spam,not spam,0.0
"Yo, any way we could pick something up tonight?",not spam,not spam,not spam,not spam,not spam,not spam,not spam,0.0
Im done. Just studyn in library,not spam,not spam,not spam,not spam,not spam,not spam,not spam,0.0
Anything...,not spam,not spam,not spam,not spam,not spam,not spam,not spam,0.0
Hi' Test on  &lt;#&gt; rd ....,not spam,not spam,not spam,spam,not spam,not spam,not spam,0.2
"Yeah, we got one lined up for us",not spam,not spam,not spam,not spam,not spam,not spam,not spam,0.0
Lol yep did that yesterday. Already got my fireplace. Now its just another icon sitting there for me.,not spam,not spam,not spam,not spam,not spam,not spam,not spam,0.0
Hey i've booked the pilates and yoga lesson already... Haha,not spam,not spam,not spam,not spam,not spam,not spam,not spam,0.0
Are you ok. What happen to behave like this,not spam,not spam,not spam,not spam,not spam,not spam,not spam,0.0
You have 1 new message. Please call 08712400200.,spam,spam,spam,spam,spam,spam,spam,1.0
My supervisor find 4 me one lor i thk his students. I havent ask her yet. Tell u aft i ask her.,not spam,not spam,spam,not spam,not spam,not spam,not spam,0.2
"Hello. No news on job, they are making me wait a fifth week! Yeah im up for some woozles and weasels... In exeter still, but be home about 3. ",not spam,not spam,spam,not spam,not spam,not spam,not spam,0.2
We currently have a message awaiting your collection. To collect your message just call 08718723815.,spam,spam,spam,spam,spam,spam,spam,1.0
Leave it. U will always be ignorant.,not spam,spam,spam,not spam,not spam,not spam,not spam,0.4
at bruce b downs &amp; fletcher now,not spam,not spam,not spam,not spam,not spam,not spam,not spam,0.0
"URGENT! Your mobile was awarded a å£1,500 Bonus Caller Prize on 27/6/03. Our final attempt 2 contact U! Call 08714714011",spam,spam,spam,spam,spam,spam,spam,1.0
U have a secret admirer. REVEAL who thinks U R So special. Call 09065174042. To opt out Reply REVEAL STOP. 1.50 per msg recd. Cust care 07821230901,spam,spam,spam,spam,spam,spam,spam,1.0
"\NONE!NOWHERE IKNO DOESDISCOUNT!SHITINNIT\""""",not spam,spam,spam,spam,spam,spam,spam,1.0
"Do you ever notice that when you're driving, anyone going slower than you is an idiot and everyone driving faster than you is a maniac?",spam,not spam,not spam,not spam,not spam,not spam,not spam,0.0
Not yet had..ya sapna aunty manege y'day hogidhe..chinnu full weak and swalpa black agidhane..,not spam,spam,spam,not spam,spam,not spam,spam,0.6
"Are you being good, baby? :)",not spam,not spam,not spam,not spam,not spam,not spam,not spam,0.0
Sary just need Tim in the bollox &it hurt him a lot so he tol me!,not spam,not spam,not spam,not spam,not spam,not spam,not spam,0.0
"Don't worry, * is easy once have ingredients!",not spam,not spam,not spam,not spam,not spam,not spam,not spam,0.0
"Ok omw now, you at castor?",not spam,not spam,not spam,not spam,not spam,not spam,not spam,0.0
Yar lor... Keep raining non stop... Or u wan 2 go elsewhere?,not spam,spam,not spam,not spam,not spam,not spam,not spam,0.2
"Xmas Offer! Latest Motorola, SonyEricsson & Nokia & FREE Bluetooth or DVD! Double Mins & 1000 Txt on Orange. Call MobileUpd8 on 08000839402 or call2optout/4QF2",spam,spam,spam,spam,spam,spam,spam,1.0
"7 wonders in My WORLD 7th You 6th Ur style 5th Ur smile 4th Ur Personality 3rd Ur Nature 2nd Ur SMS and 1st \Ur Lovely Friendship\""... good morning dear""",not spam,spam,spam,spam,spam,not spam,spam,0.8
"He said that he had a right giggle when he saw u again! You would possibly be the first person2die from NVQ, but think how much you could for! ",not spam,spam,spam,spam,spam,not spam,spam,0.8
No break time one... How... I come out n get my stuff fr Ì_?,not spam,spam,spam,not spam,not spam,not spam,not spam,0.4
Reply to win å£100 weekly! What professional sport does Tiger Woods play? Send STOP to 87239 to end service,spam,spam,spam,spam,spam,spam,spam,1.0
Do you still have the grinder?,not spam,not spam,not spam,not spam,not spam,not spam,not spam,0.0
No 1 POLYPHONIC tone 4 ur mob every week! Just txt PT2 to 87575. 1st Tone FREE ! so get txtin now and tell ur friends. 150p/tone. 16 reply HL 4info,spam,spam,spam,spam,spam,spam,spam,1.0
"Love isn't a decision, it's a feeling. If we could decide who to love, then, life would be much simpler, but then less magical",not spam,not spam,not spam,not spam,not spam,not spam,not spam,0.0
"HOT LIVE FANTASIES call now 08707509020 Just 20p per min NTT Ltd, PO Box 1327 Croydon CR9 5WB 0870 is a national rate call",spam,spam,spam,spam,spam,spam,spam,1.0
"No idea, I guess we'll work that out an hour after we're supposed to leave since as usual nobody has any interest in figuring shit out before the last second",not spam,not spam,not spam,not spam,not spam,not spam,not spam,0.0
Don know..he is watching film in computer..,not spam,not spam,not spam,not spam,not spam,not spam,not spam,0.0
No b4 Thursday,not spam,not spam,not spam,not spam,not spam,not spam,not spam,0.0
"Oh, then your phone phoned me but it disconnected",not spam,not spam,not spam,not spam,not spam,not spam,not spam,0.0
Id onluy matters when getting on from offcampus,not spam,not spam,not spam,spam,not spam,not spam,not spam,0.2
This message is free. Welcome to the new & improved Sex & Dogging club! To unsubscribe from this service reply STOP. msgs@150p 18+only,spam,spam,spam,spam,spam,spam,spam,1.0
I will see in half an hour,not spam,not spam,not spam,not spam,not spam,not spam,not spam,0.0
"You've won tkts to the EURO2004 CUP FINAL or å£800 CASH, to collect CALL 09058099801 b4190604, POBOX 7876150ppm",spam,spam,spam,spam,spam,spam,spam,1.0
Also hi wesley how've you been,not spam,not spam,not spam,not spam,not spam,not spam,not spam,0.0
"Loan for any purpose å£500 - å£75,000. Homeowners + Tenants welcome. Have you been previously refused? We can still help. Call Free 0800 1956669 or text back 'help'",spam,spam,spam,spam,spam,spam,spam,1.0
Update_Now - 12Mths Half Price Orange line rental: 400mins...Call MobileUpd8 on 08000839402 or call2optout=J5Q,spam,spam,spam,spam,spam,spam,spam,1.0
"Hm good morning, headache anyone? :-)",not spam,not spam,not spam,not spam,not spam,not spam,not spam,0.0
FREE UNLIMITED HARDCORE PORN direct 2 your mobile Txt PORN to 69200 & get FREE access for 24 hrs then chrgd@50p per day txt Stop 2exit. This msg is free,spam,spam,spam,spam,spam,spam,spam,1.0
I might go 2 sch. Yar at e salon now v boring.,not spam,not spam,spam,not spam,not spam,not spam,not spam,0.2
One of the joys in lifeis waking up each daywith thoughts that somewhereSomeone cares enough tosend a warm morning greeting.. -,not spam,not spam,not spam,not spam,not spam,not spam,not spam,0.0
I didn't get the second half of that message,not spam,not spam,not spam,not spam,not spam,not spam,not spam,0.0
Wat time do u wan 2 meet me later?,not spam,not spam,not spam,not spam,not spam,not spam,not spam,0.0
Am in film ill call you later.,not spam,not spam,not spam,not spam,not spam,not spam,not spam,0.0
You are a very very very very bad girl. Or lady.,not spam,not spam,not spam,spam,not spam,not spam,not spam,0.2
I love ya too but try and budget your money better babe. Gary would freak on me if he knew,not spam,not spam,not spam,not spam,not spam,not spam,not spam,0.0
"What part of \don't initiate\"" don't you understand""",not spam,not spam,not spam,not spam,not spam,not spam,not spam,0.0
I finished my lunch already. U wake up already?,not spam,not spam,not spam,not spam,not spam,not spam,not spam,0.0
You still at the game?,not spam,not spam,not spam,not spam,not spam,not spam,not spam,0.0
What is your record for one night? :),not spam,not spam,not spam,not spam,not spam,spam,not spam,0.2
 gonna let me know cos comes bak from holiday that day.  is coming. Don't4get2text me  number. ,not spam,spam,spam,not spam,spam,not spam,spam,0.6
Get ready for  &lt;#&gt;  inches of pleasure...,not spam,spam,spam,spam,spam,spam,spam,1.0
Raji..pls do me a favour. Pls convey my Birthday wishes to Nimya. Pls. Today is her birthday.,not spam,not spam,not spam,not spam,not spam,not spam,not spam,0.0
You are not bothering me but you have to trust my answers. Pls.,not spam,not spam,not spam,not spam,not spam,not spam,not spam,0.0
Aight what time you want me to come up?,not spam,not spam,not spam,not spam,not spam,not spam,not spam,0.0
"Hello, yeah i've just got out of the bath and need to do my hair so i'll come up when i'm done, yeah?",not spam,not spam,not spam,not spam,not spam,not spam,not spam,0.0
"Awesome question with a cute answer: Someone asked a boy \how is ur life?\"" . . He smiled &amp; answered: . . \""She is fine!\"" Gudnite""",not spam,not spam,not spam,not spam,not spam,not spam,not spam,0.0
Please leave this topic..sorry for telling that..,not spam,not spam,not spam,not spam,not spam,not spam,not spam,0.0
EASTENDERS TV Quiz. What FLOWER does DOT compare herself to? D= VIOLET E= TULIP F= LILY txt D E or F to 84025 NOW 4 chance 2 WIN å£100 Cash WKENT/150P16+,spam,spam,spam,spam,spam,spam,spam,1.0
Webpage s not available!,not spam,not spam,not spam,not spam,not spam,not spam,not spam,0.0
You are now unsubscribed all services. Get tons of sexy babes or hunks straight to your phone! go to http://gotbabes.co.uk. No subscriptions.,spam,spam,spam,spam,spam,spam,spam,1.0
What u talking bout early morning? It's almost noon where your at!,not spam,not spam,not spam,not spam,not spam,not spam,not spam,0.0
Fine. Do you remember me.,not spam,not spam,not spam,not spam,not spam,not spam,not spam,0.0
"Hi babe its Jordan, how r u? Im home from abroad and lonely, text me back if u wanna chat xxSP visionsms.com Text stop to stopCost 150p 08712400603",spam,spam,spam,spam,spam,spam,spam,1.0
Get a brand new mobile phone by being an agent of The Mob! Plus loads more goodies! For more info just text MAT to 87021.,spam,spam,spam,spam,spam,spam,spam,1.0
Ok. So april. Cant wait,not spam,not spam,not spam,not spam,not spam,not spam,not spam,0.0
I'm now but have to wait till 2 for the bus to pick me.,not spam,not spam,not spam,not spam,not spam,not spam,not spam,0.0
Take us out shopping and Mark will distract Isaiah.=D,not spam,spam,not spam,not spam,not spam,not spam,not spam,0.2
There is no sense in my foot and penis.,not spam,not spam,not spam,spam,not spam,not spam,not spam,0.2
Okay but i thought you were the expert,not spam,not spam,not spam,not spam,not spam,not spam,not spam,0.0
S.s:)i thinl role is like sachin.just standing. Others have to hit.,not spam,not spam,not spam,spam,not spam,not spam,not spam,0.2
"And very importantly, all we discuss is between u and i only.",not spam,spam,not spam,not spam,not spam,not spam,not spam,0.2
K..k:)how about your training process?,not spam,not spam,not spam,not spam,not spam,not spam,not spam,0.0
In da car park ,not spam,not spam,not spam,not spam,not spam,not spam,not spam,0.0
LORD OF THE RINGS:RETURN OF THE KING in store NOW!REPLY LOTR by 2 June 4 Chance 2 WIN LOTR soundtrack CDs StdTxtRate. Reply STOP to end txts,spam,spam,spam,spam,spam,spam,spam,1.0
"Dear, take care. I am just reaching home.love u a lot.",not spam,not spam,not spam,not spam,not spam,not spam,not spam,0.0
This is all just creepy and crazy to me.,not spam,not spam,not spam,not spam,not spam,not spam,not spam,0.0
Ok... I din get ur msg...,not spam,not spam,not spam,not spam,not spam,not spam,not spam,0.0
Tessy..pls do me a favor. Pls convey my birthday wishes to Nimya..pls dnt forget it. Today is her birthday Shijas,not spam,not spam,not spam,not spam,not spam,not spam,not spam,0.0
Even if he my friend he is a priest call him now,not spam,spam,spam,spam,spam,not spam,spam,0.8
Hi. Happy New Year. I dont mean to intrude but can you pls let me know how much tuition you paid last semester and how much this semester is. Thanks,not spam,spam,not spam,not spam,not spam,not spam,not spam,0.2
Lol I was gonna last month. I cashed some in but I left &lt;#&gt; just in case. I was collecting more during the week cause they announced it on the blog.,not spam,not spam,not spam,not spam,not spam,not spam,not spam,0.0
Good Luck! Draw takes place 28th Feb 06. Good Luck! For removal send STOP to 87239 customer services 08708034412,spam,spam,spam,spam,spam,spam,spam,1.0
"Wat time liao, where still got.",not spam,not spam,not spam,not spam,not spam,not spam,not spam,0.0
Yes watching footie but worried we're going to blow it - Phil Neville?,not spam,not spam,not spam,not spam,not spam,not spam,not spam,0.0
I wait 4 Ì_ inside da car park...,not spam,not spam,spam,spam,spam,not spam,spam,0.6
Small problem in auction:)punj now asking tiwary,not spam,spam,spam,spam,not spam,not spam,spam,0.6
Free entry in 2 a weekly comp for a chance to win an ipod. Txt POD to 80182 to get entry (std txt rate) T&C's apply 08452810073 for details 18+,spam,spam,spam,spam,spam,spam,spam,1.0
1st wk FREE! Gr8 tones str8 2 u each wk. Txt NOKIA ON to 8007 for Classic Nokia tones or HIT ON to 8007 for Polys. Nokia/150p Poly/200p 16+,spam,spam,spam,spam,spam,spam,spam,1.0
U coming 2 pick me?,not spam,not spam,not spam,not spam,not spam,not spam,not spam,0.0
would u fuckin believe it they didnt know i had thurs pre booked off so they re cancelled me AGAIN! that needs to b sacked,not spam,not spam,spam,spam,spam,not spam,spam,0.6
"Haha better late than ever, any way I could swing by?",not spam,not spam,not spam,not spam,not spam,not spam,not spam,0.0
Ok. But i finish at 6.,not spam,not spam,not spam,not spam,not spam,not spam,not spam,0.0
"LookAtMe!: Thanks for your purchase of a video clip from LookAtMe!, you've been charged 35p. Think you can do better? Why not send a video in a MMSto 32323.",spam,spam,spam,spam,spam,spam,spam,1.0
Wat makes some people dearer is not just de happiness dat u feel when u meet them but de pain u feel when u miss dem!!!,not spam,spam,spam,not spam,not spam,not spam,not spam,0.4
Is ur lecture over?,not spam,not spam,not spam,not spam,not spam,not spam,not spam,0.0
sexy sexy cum and text me im wet and warm and ready for some porn! u up for some fun? THIS MSG IS FREE RECD MSGS 150P INC VAT 2 CANCEL TEXT STOP,spam,spam,spam,spam,spam,spam,spam,1.0
Boy; I love u Grl: Hogolo Boy: gold chain kodstini Grl: Agalla Boy: necklace madstini Grl: agalla Boy: Hogli 1 mutai eerulli kodthini! Grl: I love U kano;-),not spam,spam,not spam,spam,spam,not spam,spam,0.6
\SHIT BABE.. THASA BIT MESSED UP.YEH,not spam,spam,spam,spam,spam,spam,spam,1.0
"\CHEERS U TEX MECAUSE U WEREBORED! YEAH OKDEN HUNNY R UIN WK SAT?SOUNDåÕS LIKEYOUR HAVIN GR8FUN J! KEEP UPDAT COUNTINLOTS OF LOVEME XXXXX.\""""",not spam,spam,spam,spam,spam,not spam,spam,0.8
"Sorry,  in meeting I'll call you later",not spam,not spam,not spam,not spam,not spam,not spam,not spam,0.0
Yeah but which is worse for i,not spam,not spam,not spam,not spam,not spam,not spam,not spam,0.0
Hard LIVE 121 chat just 60p/min. Choose your girl and connect LIVE. Call 09094646899 now! Cheap Chat UK's biggest live service. VU BCM1896WC1N3XX,spam,spam,spam,spam,spam,spam,spam,1.0
Not heard from U4 a while. Call 4 rude chat private line 01223585334 to cum. Wan 2C pics of me gettin shagged then text PIX to 8552. 2End send STOP 8552 SAM xxx,spam,spam,spam,spam,spam,spam,spam,1.0
Ok...,not spam,not spam,not spam,not spam,not spam,not spam,not spam,0.0
Havent shopping now lor i juz arrive only,not spam,not spam,not spam,not spam,not spam,not spam,not spam,0.0
Thank u. IT BETTER WORK OUT CAUSE I WILL FEEL USED OTHERWISE,not spam,spam,spam,spam,spam,not spam,spam,0.8
I can't describe how lucky you are that I'm actually awake by noon,not spam,not spam,not spam,not spam,not spam,not spam,not spam,0.0
This is the 2nd time we have tried to contact u. U have won the å£1450 prize to claim just call 09053750005 b4 310303. T&Cs/stop SMS 08718725756. 140ppm,spam,spam,spam,spam,spam,spam,spam,1.0
"HOT LIVE FANTASIES call now 08707509020 Just 20p per min NTT Ltd, PO Box 1327 Croydon CR9 5WB 0870..k",spam,spam,spam,spam,spam,spam,spam,1.0
"When people see my msgs, They think Iam addicted to msging... They are wrong, Bcoz They don\'t know that Iam addicted to my sweet Friends..!! BSLVYL",not spam,not spam,spam,not spam,not spam,not spam,not spam,0.2
Ugh hopefully the asus ppl dont randomly do a reformat.,not spam,not spam,not spam,not spam,not spam,not spam,not spam,0.0
"Haven't seen my facebook, huh? Lol!",not spam,not spam,not spam,not spam,not spam,not spam,not spam,0.0
"Dear Voucher Holder, To claim this weeks offer, at you PC please go to http://www.e-tlp.co.uk/reward. Ts&Cs apply.",spam,spam,spam,spam,spam,spam,spam,1.0
It vl bcum more difficult..,not spam,not spam,not spam,not spam,spam,not spam,not spam,0.2
UR GOING 2 BAHAMAS! CallFREEFONE 08081560665 and speak to a live operator to claim either Bahamas cruise ofå£2000 CASH 18+only. To opt out txt X to 07786200117,spam,spam,spam,spam,spam,spam,spam,1.0
K k :-):-) then watch some films.,not spam,not spam,not spam,not spam,not spam,not spam,not spam,0.0
Does cinema plus drink appeal tomo? * Is a fr thriller by director i like on at mac at 8.30.,not spam,not spam,spam,not spam,not spam,not spam,not spam,0.2
There the size of elephant tablets & u shove um up ur ass!!,not spam,spam,spam,spam,spam,spam,spam,1.0
"My Parents, My Kidz, My Friends n My Colleagues. All screaming.. SURPRISE !! and I was waiting on the sofa.. ... ..... ' NAKED...!",not spam,spam,spam,spam,spam,not spam,spam,0.8
MAYBE IF YOU WOKE UP BEFORE FUCKING 3 THIS WOULDN'T BE A PROBLEM.,not spam,not spam,spam,spam,spam,not spam,spam,0.6
"This is the 2nd time we have tried 2 contact u. U have won the 750 Pound prize. 2 claim is easy, call 08712101358 NOW! Only 10p per min. BT-national-rate",spam,spam,spam,spam,spam,spam,spam,1.0
X2  &lt;#&gt; . Are you going to get that,not spam,spam,not spam,spam,not spam,not spam,not spam,0.4
UR awarded a City Break and could WIN a å£200 Summer Shopping spree every WK. Txt STORE to 88039.SkilGme.TsCs087147403231Winawk!Age16+å£1.50perWKsub,spam,spam,spam,spam,spam,spam,spam,1.0
Is ur paper today in e morn or aft?,not spam,not spam,not spam,not spam,not spam,not spam,not spam,0.0
"I av a new number,  . Wil u only use this one,ta.",not spam,not spam,spam,spam,spam,not spam,spam,0.6
So its to be poking man everyday that they teach you in canada abi! How are you. Just saying hi.,not spam,not spam,not spam,not spam,not spam,not spam,not spam,0.0
No de.am seeing in online shop so that i asked.,not spam,not spam,not spam,not spam,not spam,not spam,not spam,0.0
This phone has the weirdest auto correct.,not spam,not spam,not spam,not spam,not spam,not spam,not spam,0.0
Oops my phone died and I didn't even know. Yeah I like it better.,not spam,not spam,not spam,not spam,not spam,not spam,not spam,0.0
"OH YEAH,AND HAV A GREAT TIME IN NEWQUAY-SEND ME A POSTCARD !1 LOOK AFTER ALL THE GIRLS WHILE IM GONE(U KNOW THE 1IM TALKIN BOUT!)xx",not spam,spam,spam,spam,spam,not spam,spam,0.8
URGENT! We are trying to contact U. Todays draw shows that you have won a å£2000 prize GUARANTEED. Call 09066358361 from land line. Claim Y87. Valid 12hrs only,spam,spam,spam,spam,spam,spam,spam,1.0
Come to mahal bus stop.. &lt;DECIMAL&gt;,not spam,spam,spam,spam,spam,spam,spam,1.0
Its like that hotel dusk game i think. You solve puzzles in a area thing,not spam,not spam,not spam,not spam,not spam,not spam,not spam,0.0
"Thanks for your ringtone order, reference number X29. Your mobile will be charged 4.50. Should your tone not arrive please call customer services 09065989180",spam,spam,spam,spam,spam,spam,spam,1.0
Sorry da thangam.it's my mistake.,not spam,not spam,not spam,not spam,not spam,not spam,not spam,0.0
I need... Coz i never go before ,not spam,not spam,not spam,not spam,not spam,not spam,not spam,0.0
"Rose for red,red for blood,blood for heart,heart for u. But u for me.... Send tis to all ur friends.. Including me.. If u like me.. If u get back, 1-u r poor in relation! 2-u need some 1 to support 3-u r frnd 2 many 4-some1 luvs u 5+- some1 is praying god to marry u.:-) try it....",not spam,spam,spam,spam,spam,spam,spam,1.0
"SIX chances to win CASH! From 100 to 20,000 pounds txt> CSH11 and send to 87575. Cost 150p/day, 6days, 16+ TsandCs apply Reply HL 4 info",spam,spam,spam,spam,spam,spam,spam,1.0
Ur cash-balance is currently 500 pounds - to maximize ur cash-in now send COLLECT to 83600 only 150p/msg. CC: 08718720201 PO BOX 114/14 TCR/W1,spam,spam,spam,spam,spam,spam,spam,1.0
"I feel like a dick because I keep sleeping through your texts and facebook messages. Sup, you in town?",not spam,not spam,not spam,not spam,not spam,not spam,not spam,0.0
Height of recycling: Read twice- People spend time for earning money and the same money is spent for spending time!;-) Good morning.. keep smiling:-),not spam,not spam,not spam,not spam,not spam,not spam,not spam,0.0
"Yes, princess. Toledo.",not spam,not spam,not spam,not spam,not spam,not spam,not spam,0.0
"Aight text me when you're back at mu and I'll swing by, need somebody to get the door for me",not spam,not spam,not spam,not spam,not spam,not spam,not spam,0.0
A cute thought for friendship: \Its not necessary to share every secret with ur close Frnd,not spam,not spam,not spam,spam,not spam,not spam,not spam,0.2
Pls accept me for one day. Or am begging you change the number.,not spam,spam,spam,spam,spam,not spam,spam,0.8
Squeeeeeze!! This is christmas hug.. If u lik my frndshp den hug me back.. If u get 3 u r cute:) 6 u r luvd:* 9 u r so lucky;) None? People hate u:,not spam,spam,spam,spam,spam,not spam,spam,0.8
"Babe, I need your advice",not spam,not spam,not spam,not spam,not spam,not spam,not spam,0.0
I can make lasagna for you... vodka...,not spam,spam,spam,spam,spam,not spam,spam,0.8
HI ITS KATE CAN U GIVE ME A RING ASAP XXX,not spam,spam,spam,spam,spam,spam,spam,1.0
Who were those people ? Were you in a tour ? I thought you were doing that sofa thing you sent me ? Your curious sugar,not spam,not spam,not spam,not spam,spam,not spam,not spam,0.2
"Congratulations! Thanks to a good friend U have WON the å£2,000 Xmas prize. 2 claim is easy, just call 08718726978 NOW! Only 10p per minute. BT-national-rate",spam,spam,spam,spam,spam,spam,spam,1.0
Yup i'm still having coffee wif my frens... My fren drove she'll give me a lift...,not spam,not spam,spam,not spam,not spam,not spam,not spam,0.2
O shore are you takin the bus,not spam,not spam,not spam,not spam,not spam,not spam,not spam,0.0
"44 7732584351, Do you want a New Nokia 3510i colour phone DeliveredTomorrow? With 300 free minutes to any mobile + 100 free texts + Free Camcorder reply or call 08000930705.",spam,spam,spam,spam,spam,spam,spam,1.0
tap & spile at seven. * Is that pub on gas st off broad st by canal. Ok?,not spam,not spam,not spam,spam,not spam,not spam,not spam,0.2
Raviyog Peripherals bhayandar east,not spam,not spam,not spam,not spam,not spam,not spam,not spam,0.0
You have 1 new voicemail. Please call 08719181513.,spam,spam,spam,spam,not spam,spam,spam,0.8
Hurry home u big butt. Hang up on your last caller if u have to. Food is done and I'm starving. Don't ask what I cooked.,not spam,spam,spam,not spam,not spam,not spam,not spam,0.4
Lol your right. What diet? Everyday I cheat anyway. I'm meant to be a fatty :(,not spam,not spam,spam,not spam,not spam,not spam,not spam,0.2
"Solve d Case : A Man Was Found Murdered On  &lt;DECIMAL&gt; . &lt;#&gt;  AfterNoon. 1,His wife called Police. 2,Police questioned everyone. 3,Wife: Sir,I was sleeping, when the murder took place. 4.Cook: I was cooking. 5.Gardener: I was picking vegetables. 6.House-Maid: I went 2 d post office. 7.Children: We went 2 play. 8.Neighbour: We went 2 a marriage. Police arrested d murderer Immediately. Who's It? Reply With Reason, If U r Brilliant.",not spam,spam,spam,spam,not spam,not spam,spam,0.6
Badrith is only for chennai:)i will surely pick for us:)no competition for him.,not spam,not spam,spam,spam,not spam,not spam,not spam,0.4
They are just making it easy to pay back. I have  &lt;#&gt; yrs to say but i can pay back earlier. You get?,not spam,spam,spam,not spam,spam,not spam,spam,0.6
"Someone U know has asked our dating service 2 contact you! Cant Guess who? CALL 09058097189 NOW all will be revealed. POBox 6, LS15HB 150p ",spam,spam,spam,spam,spam,spam,spam,1.0
Camera - You are awarded a SiPix Digital Camera! call 09061221066 fromm landline. Delivery within 28 days,spam,spam,spam,spam,spam,spam,spam,1.0
"I'm not smoking while people use \wylie smokes too much\"" to justify ruining my shit""",not spam,not spam,spam,spam,spam,not spam,spam,0.6
Dear good morning how you feeling dear,not spam,not spam,not spam,not spam,not spam,not spam,not spam,0.0
Todays Voda numbers ending 5226 are selected to receive a ?350 award. If you hava a match please call 08712300220 quoting claim code 1131 standard rates app ,spam,spam,spam,spam,spam,spam,spam,1.0
This message is free. Welcome to the new & improved Sex & Dogging club! To unsubscribe from this service reply STOP. msgs@150p 18 only,spam,spam,spam,spam,spam,spam,spam,1.0
RCT' THNQ Adrian for U text. Rgds Vatian,spam,not spam,not spam,not spam,not spam,not spam,not spam,0.0
"It'll be tough, but I'll do what I have to",not spam,not spam,not spam,not spam,not spam,not spam,not spam,0.0
HI DARLIN I FINISH AT 3 DO U 1 2 PICK ME UP OR MEET ME? TEXT BACK ON THIS NUMBER LUV KATE XXX,not spam,spam,spam,spam,spam,not spam,spam,0.8
Okie Ì_ wan meet at bishan? Cos me at bishan now. I'm not driving today.,not spam,not spam,not spam,not spam,not spam,not spam,not spam,0.0
HI DARLIN HOW WAS WORK DID U GET INTO TROUBLE? IJUST TALKED TO YOUR MUM ALL MORNING! I HAD A REALLY GOOD TIME LAST NIGHT IM GOIN OUT SOON BUT CALL ME IF U CAN,not spam,spam,spam,spam,not spam,not spam,spam,0.6
I know you are serving. I mean what are you doing now.,not spam,not spam,not spam,not spam,not spam,not spam,not spam,0.0
Oh gei. That happend to me in tron. Maybe ill dl it in 3d when its out,not spam,not spam,not spam,not spam,not spam,not spam,not spam,0.0
"FREE MESSAGE Activate your 500 FREE Text Messages by replying to this message with the word FREE For terms & conditions, visit www.07781482378.com",spam,spam,spam,spam,spam,spam,spam,1.0
I know girls always safe and selfish know i got it pa. Thank you. good night.,not spam,not spam,spam,not spam,spam,not spam,not spam,0.4
Eh sorry leh... I din c ur msg. Not sad already lar. Me watching tv now. U still in office?,not spam,not spam,not spam,not spam,not spam,not spam,not spam,0.0
Ok darlin i supose it was ok i just worry too much.i have to do some film stuff my mate and then have to babysit again! But you can call me there.xx,not spam,not spam,spam,not spam,not spam,not spam,not spam,0.2
"She said,'' do u mind if I go into the bedroom for a minute ? '' ''OK'', I sed in a sexy mood. She came out 5 minuts latr wid a cake...n My Wife,",not spam,spam,spam,spam,spam,not spam,spam,0.8
Nope... Juz off from work...,not spam,not spam,not spam,not spam,not spam,not spam,not spam,0.0
Huh so fast... Dat means u havent finished painting?,not spam,not spam,not spam,not spam,not spam,not spam,not spam,0.0
"You are being contacted by our dating service by someone you know! To find out who it is, call from a land line 09050000928. PoBox45W2TG150P",spam,spam,spam,spam,spam,spam,spam,1.0
"That's fine, have him give me a call if he knows what he wants or has any questions",not spam,not spam,not spam,not spam,not spam,not spam,not spam,0.0
Babe !!!! I LOVE YOU !!!! *covers your face in kisses*,not spam,not spam,spam,not spam,not spam,not spam,not spam,0.2
No problem baby. Is this is a good time to talk? I called and left a message.,not spam,not spam,not spam,not spam,not spam,not spam,not spam,0.0
Call him and say you not coming today ok and tell them not to fool me like this ok,not spam,not spam,spam,spam,spam,not spam,spam,0.6
I emailed yifeng my part oredi.. Can Ì_ get it fr him..,not spam,not spam,spam,not spam,not spam,not spam,not spam,0.2
Ok not a problem will get them a taxi. C ing  tomorrow and tuesday. On tuesday think we r all going to the cinema. ,not spam,not spam,not spam,not spam,not spam,not spam,not spam,0.0
Sorry I missed your call let's talk when you have the time. I'm on 07090201529,spam,not spam,not spam,not spam,not spam,not spam,not spam,0.0
Please attend the phone:),not spam,not spam,not spam,not spam,not spam,not spam,not spam,0.0
No messages on her phone. I'm holding it now,not spam,not spam,not spam,not spam,not spam,not spam,not spam,0.0
I am waiting for your call sir.,not spam,not spam,not spam,not spam,not spam,not spam,not spam,0.0
Sorry i've not gone to that place. I.ll do so tomorrow. Really sorry.,not spam,not spam,not spam,not spam,not spam,not spam,not spam,0.0
Tomorrow i am not going to theatre. . . So i can come wherever u call me. . . Tell me where and when to come tomorrow,not spam,not spam,not spam,not spam,not spam,not spam,not spam,0.0
And now electricity just went out fml.,not spam,not spam,not spam,not spam,not spam,not spam,not spam,0.0
"Looks like you found something to do other than smoke, great job!",not spam,not spam,not spam,not spam,not spam,not spam,not spam,0.0
Also andros ice etc etc,not spam,not spam,not spam,not spam,not spam,not spam,not spam,0.0
"complimentary 4 STAR Ibiza Holiday or å£10,000 cash needs your URGENT collection. 09066364349 NOW from Landline not to lose out! Box434SK38WP150PPM18+",spam,spam,spam,spam,spam,spam,spam,1.0
"Well, I meant as opposed to my drunken night of before",not spam,not spam,not spam,not spam,not spam,not spam,not spam,0.0
FREE MSG:We billed your mobile number by mistake from shortcode 83332.Please call 08081263000 to have charges refunded.This call will be free from a BT landline,spam,spam,spam,spam,spam,spam,spam,1.0
Please CALL 08712402972 immediately as there is an urgent message waiting for you,spam,spam,spam,spam,spam,spam,spam,1.0
"I'm in a meeting, call me later at",not spam,not spam,not spam,not spam,not spam,not spam,not spam,0.0
Then i buy.,not spam,not spam,not spam,not spam,not spam,not spam,not spam,0.0
URGENT! Your Mobile number has been awarded with a å£2000 Bonus Caller Prize. Call 09058095201 from land line. Valid 12hrs only,spam,spam,spam,spam,spam,spam,spam,1.0
It only does simple arithmetic not percentages.,not spam,not spam,not spam,not spam,not spam,not spam,not spam,0.0
"As a valued customer, I am pleased to advise you that following recent review of your Mob No. you are awarded with a å£1500 Bonus Prize, call 09066364589",spam,spam,spam,spam,spam,spam,spam,1.0
"'An Amazing Quote'' - \Sometimes in life its difficult to decide whats wrong!! a lie that brings a smile or the truth that brings a tear....\""""",not spam,not spam,not spam,not spam,not spam,not spam,not spam,0.0
Then Ì_ ask dad to pick Ì_ up lar... ÌÏ wan 2 stay until 6 meh...,not spam,not spam,not spam,not spam,not spam,not spam,not spam,0.0
"Jus chillaxin, what up",not spam,not spam,not spam,not spam,not spam,not spam,not spam,0.0
"\HEY DAS COOL... IKNOW ALL 2 WELLDA PERIL OF STUDENTFINANCIAL CRISIS!SPK 2 U L8R.\""""",not spam,spam,spam,spam,spam,spam,spam,1.0
"Beautiful Truth against Gravity.. Read carefully: \Our heart feels light when someone is in it.. But it feels very heavy when someone leaves it..\"" GOODMORNING""",not spam,not spam,not spam,not spam,spam,not spam,not spam,0.2
Do you want a New Nokia 3510i colour phone DeliveredTomorrow? With 300 free minutes to any mobile + 100 free texts + Free Camcorder reply or call 08000930705,spam,spam,spam,spam,spam,spam,spam,1.0
"Whats that coming over the hill..... Is it a monster! Hope you have a great day. Things r going fine here, busy though! ",not spam,not spam,not spam,not spam,not spam,not spam,not spam,0.0
Joy's father is John. Then John is the ____ of Joy's father. If u ans ths you hav  &lt;#&gt;  IQ. Tis s IAS question try to answer.,not spam,spam,spam,spam,spam,not spam,spam,0.8
Uhhhhrmm isnt having tb test bad when youre sick,not spam,not spam,not spam,not spam,not spam,not spam,not spam,0.0
LIFE has never been this much fun and great until you came in. You made it truly special for me. I won't forget you! enjoy @ one gbp/sms,spam,spam,spam,spam,spam,spam,spam,1.0
Do you want a new Video phone? 600 anytime any network mins 400 Inclusive Video calls AND downloads 5 per week Free delTOMORROW call 08002888812 or reply NOW,spam,spam,spam,spam,spam,spam,spam,1.0
"As a valued customer, I am pleased to advise you that following recent review of your Mob No. you are awarded with a å£1500 Bonus Prize, call 09066368470",spam,spam,spam,spam,spam,spam,spam,1.0
Welcome! Please reply with your AGE and GENDER to begin. e.g 24M,spam,spam,spam,spam,spam,spam,spam,1.0
Freemsg: 1-month unlimited free calls! Activate SmartCall Txt: CALL to No: 68866. Subscriptn3gbp/wk unlimited calls Help: 08448714184 Stop?txt stop landlineonly,spam,spam,spam,spam,spam,spam,spam,1.0
Had your mobile 10 mths? Update to latest Orange camera/video phones for FREE. Save å£s with Free texts/weekend calls. Text YES for a callback orno to opt out,spam,spam,spam,spam,spam,spam,spam,1.0
Am new 2 club & dont fink we met yet Will B gr8 2 C U Please leave msg 2day wiv ur area 09099726553 reply promised CARLIE x Callså£1/minMobsmore LKPOBOX177HP51FL,spam,spam,spam,spam,spam,spam,spam,1.0
"\Hi darlin did youPhone me? Im atHome if youwanna chat.\""""",not spam,not spam,spam,not spam,spam,not spam,not spam,0.4
I don't know jack shit about anything or i'd say/ask something helpful but if you want you can pretend that I did and just text me whatever in response to the hypotheticalhuagauahahuagahyuhagga,not spam,not spam,spam,spam,not spam,not spam,not spam,0.4
You've always been the brainy one.,not spam,not spam,not spam,not spam,not spam,not spam,not spam,0.0
Yeah if we do have to get a random dude we need to change our info sheets to PARTY  &lt;#&gt; /7 NEVER STUDY just to be safe,not spam,spam,spam,spam,spam,not spam,spam,0.8
Camera - You are awarded a SiPix Digital Camera! call 09061221066 fromm landline. Delivery within 28 days.,spam,spam,spam,spam,spam,spam,spam,1.0
"\Hi darlin i cantdo anythingtomorrow as myparents aretaking me outfor a meal. when are u free? Katexxx\""""",not spam,not spam,not spam,not spam,not spam,not spam,not spam,0.0
What time you thinkin of goin?,not spam,not spam,not spam,not spam,not spam,not spam,not spam,0.0
Get a FREE mobile video player FREE movie. To collect text GO to 89105. Its free! Extra films can be ordered t's and c's apply. 18 yrs only,spam,spam,spam,spam,spam,spam,spam,1.0
Save money on wedding lingerie at www.bridal.petticoatdreams.co.uk Choose from a superb selection with national delivery. Brought to you by WeddingFriend,spam,spam,spam,spam,spam,spam,spam,1.0
Yes but I don't care cause I know its there!,not spam,not spam,not spam,not spam,not spam,not spam,not spam,0.0
"Mon okie lor... Haha, best is cheap n gd food la, ex oso okie... Depends on whether wana eat western or chinese food... Den which u prefer... ",not spam,not spam,spam,not spam,not spam,not spam,not spam,0.2
Yes we were outside for like 2 hours. And I called my whole family to wake them up cause it started at 1 am,not spam,not spam,not spam,not spam,not spam,not spam,not spam,0.0
I dont have any of your file in my bag..i was in work when you called me.i 'll tell you if i find anything in my room.,not spam,not spam,not spam,not spam,not spam,not spam,not spam,0.0
Friendship poem: Dear O Dear U R Not Near But I Can Hear Dont Get Fear Live With Cheer No More Tear U R Always my Dear. Gud ni8,not spam,not spam,spam,spam,spam,not spam,spam,0.6
Have your lunch and come quickly and open the door:),not spam,not spam,not spam,not spam,not spam,not spam,not spam,0.0
Not heard from U4 a while. Call me now am here all night with just my knickers on. Make me beg for it like U did last time 01223585236 XX Luv Nikiyu4.net,spam,spam,spam,spam,spam,spam,spam,1.0
Bloomberg -Message center +447797706009 Why wait? Apply for your future http://careers. bloomberg.com,spam,spam,spam,spam,spam,spam,spam,1.0
i am seeking a lady in the street and a freak in the sheets. Is that you?,not spam,spam,spam,spam,spam,spam,spam,1.0
My phone,not spam,not spam,not spam,not spam,not spam,not spam,not spam,0.0
"Haha figures, well I found the piece and priscilla's bowl",not spam,not spam,not spam,not spam,not spam,not spam,not spam,0.0
URGENT! We are trying to contact U. Todays draw shows that you have won a å£800 prize GUARANTEED. Call 09050001808 from land line. Claim M95. Valid12hrs only,spam,spam,spam,spam,spam,spam,spam,1.0
You getting back any time soon?,not spam,not spam,not spam,not spam,not spam,not spam,not spam,0.0
"Night has ended for another day, morning has come in a special way. May you smile like the sunny rays and leaves your worries at the blue blue bay. Gud mrng",not spam,not spam,not spam,not spam,not spam,not spam,not spam,0.0
I can ask around but there's not a lot in terms of mids up here,not spam,not spam,not spam,not spam,not spam,not spam,not spam,0.0
Be sure to check your yahoo email. We sent photos yesterday,not spam,not spam,not spam,spam,spam,not spam,not spam,0.4
What was she looking for?,not spam,not spam,not spam,not spam,not spam,not spam,not spam,0.0
Do you want a NEW video phone750 anytime any network mins 150 text for only five pounds per week call 08000776320 now or reply for delivery tomorrow,spam,spam,spam,spam,spam,spam,spam,1.0
Tell my  bad character which u Dnt lik in me. I'll try to change in  &lt;#&gt; . I ll add tat 2 my new year resolution. Waiting for ur reply.Be frank...good morning.,not spam,spam,spam,spam,not spam,not spam,spam,0.6
Change windows logoff sound..,not spam,spam,not spam,spam,not spam,not spam,not spam,0.4
Huh but i got lesson at 4 lei n i was thinkin of going to sch earlier n i tot of parkin at kent vale...  ,not spam,not spam,not spam,not spam,not spam,not spam,not spam,0.0
"Cool, text me when you head out",not spam,not spam,not spam,not spam,not spam,not spam,not spam,0.0
"You are being contacted by our dating service by someone you know! To find out who it is, call from a land line 09050000878. PoBox45W2TG150P",spam,spam,spam,spam,spam,spam,spam,1.0
"Wan2 win a Meet+Greet with Westlife 4 U or a m8? They are currently on what tour? 1)Unbreakable, 2)Untamed, 3)Unkempt. Text 1,2 or 3 to 83049. Cost 50p +std text",spam,spam,spam,spam,spam,spam,spam,1.0
Happy birthday... May u find ur prince charming soon n dun work too hard...,not spam,not spam,spam,not spam,not spam,not spam,not spam,0.2
"Oh, the grand is having a bit of a party but it doesn't mention any cover charge so it's probably first come first served",not spam,not spam,not spam,not spam,not spam,not spam,not spam,0.0
You said to me before i went back to bed that you can't sleep for anything.,not spam,not spam,not spam,not spam,not spam,not spam,not spam,0.0
Dorothy@kiefer.com (Bank of Granite issues Strong-Buy) EXPLOSIVE PICK FOR OUR MEMBERS *****UP OVER 300% *********** Nasdaq Symbol CDGT That is a $5.00 per..,spam,spam,spam,spam,spam,spam,spam,1.0
I will come to ur home now,not spam,not spam,spam,not spam,spam,not spam,not spam,0.4
"Camera quite good, 10.1mega pixels, 3optical and 5digital dooms. Have a lovely holiday, be safe and i hope you hav a good journey! Happy new year to you both! See you in a couple of weeks! ",not spam,not spam,not spam,not spam,not spam,not spam,not spam,0.0
I'm serious. You are in the money base,not spam,spam,spam,spam,not spam,spam,spam,0.8
Already one guy loving you:-.,not spam,not spam,not spam,not spam,not spam,not spam,not spam,0.0
Staff of placement training in Amrita college.,not spam,not spam,not spam,not spam,not spam,not spam,not spam,0.0
I always chat with you. In fact i need money can you raise me?,not spam,spam,spam,spam,spam,spam,spam,1.0
"Well, I was about to give up cos they all said no they didnÛ÷t do one nighters. I persevered and found one but it is very cheap so i apologise in advance. It is just somewhere to sleep isnt it?",not spam,not spam,not spam,not spam,not spam,not spam,not spam,0.0
"So you think i should actually talk to him? Not call his boss in the morning? I went to this place last year and he told me where i could go and get my car fixed cheaper. He kept telling me today how much he hoped i would come back in, how he always regretted not getting my number, etc.",not spam,not spam,not spam,not spam,not spam,not spam,not spam,0.0
Hanging out with my brother and his family,not spam,not spam,not spam,not spam,not spam,not spam,not spam,0.0
No it will reach by 9 only. She telling she will be there. I dont know,not spam,not spam,not spam,not spam,not spam,not spam,not spam,0.0
"Im sorry bout last nite it wasnåÕt ur fault it was me, spouse it was pmt or sumthin! U 4give me? I think u shldxxxx",not spam,not spam,spam,not spam,not spam,not spam,not spam,0.2
Yeah that'd pretty much be the best case scenario,not spam,not spam,not spam,not spam,not spam,not spam,not spam,0.0
Should i send you naughty pix? :),not spam,not spam,not spam,spam,spam,spam,spam,0.6
"You are a å£1000 winner or Guaranteed Caller Prize, this is our Final attempt to contact you! To Claim Call 09071517866 Now! 150ppmPOBox10183BhamB64XE",spam,spam,spam,spam,spam,spam,spam,1.0
"Xmas & New Years Eve tickets are now on sale from the club, during the day from 10am till 8pm, and on Thurs, Fri & Sat night this week. They're selling fast!",spam,spam,spam,spam,spam,spam,spam,1.0
"Sorry, I'll call later",not spam,not spam,not spam,not spam,not spam,not spam,not spam,0.0
Good evening! How are you?,not spam,not spam,not spam,not spam,not spam,not spam,not spam,0.0
I'm at home. Please call,not spam,not spam,not spam,not spam,not spam,not spam,not spam,0.0
Lol ok ill try to send. Be warned Sprint is dead slow. You'll prolly get it tomorrow,not spam,not spam,not spam,not spam,not spam,not spam,not spam,0.0
"Rock yr chik. Get 100's of filthy films &XXX pics on yr phone now. rply FILTH to 69669. Saristar Ltd, E14 9YT 08701752560. 450p per 5 days. Stop2 cancel",spam,spam,spam,spam,spam,spam,spam,1.0
"Single line with a big meaning::::: \Miss anything 4 ur \""Best Life\"" but",not spam,spam,spam,spam,spam,spam,spam,1.0
"Dad wanted to talk about the apartment so I got a late start, omw now",not spam,not spam,not spam,not spam,not spam,not spam,not spam,0.0
Din i tell u jus now 420,not spam,spam,spam,spam,not spam,spam,spam,0.8
am up to my eyes in philosophy,not spam,not spam,not spam,not spam,not spam,not spam,not spam,0.0
From next month get upto 50% More Calls 4 Ur standard network charge 2 activate Call 9061100010 C Wire3.net 1st4Terms PoBox84 M26 3UZ Cost å£1.50 min MobcudB more,spam,spam,spam,spam,spam,spam,spam,1.0
URGENT! We are trying to contact U Todays draw shows that you have won a å£800 prize GUARANTEED. Call 09050000460 from land line. Claim J89. po box245c2150pm,spam,spam,spam,spam,spam,spam,spam,1.0
Text BANNEDUK to 89555 to see! cost 150p textoperator g696ga 18+ XXX,spam,spam,spam,spam,spam,spam,spam,1.0
"Auction round 4. The highest bid is now å£54. Next maximum bid is å£71. To bid, send BIDS e. g. 10 (to bid å£10) to 83383. Good luck.",spam,spam,spam,spam,spam,spam,spam,1.0
Collect your VALENTINE'S weekend to PARIS inc Flight & Hotel + å£200 Prize guaranteed! Text: PARIS to No: 69101. www.rtf.sphosting.com,spam,spam,spam,spam,spam,spam,spam,1.0
Customer Loyalty Offer:The NEW Nokia6650 Mobile from ONLY å£10 at TXTAUCTION! Txt word: START to No: 81151 & get yours Now! 4T&Ctxt TC 150p/MTmsg,spam,spam,spam,spam,spam,spam,spam,1.0
"Yup, leaving right now, be back soon",not spam,not spam,not spam,not spam,not spam,not spam,not spam,0.0
You won't believe it but it's true. It's Incredible Txts! Reply G now to learn truly amazing things that will blow your mind. From O2FWD only 18p/txt,spam,spam,spam,spam,spam,spam,spam,1.0
"Have a lovely night and when you wake up to see this message, i hope you smile knowing all is as should be. Have a great morning",not spam,not spam,not spam,not spam,not spam,not spam,not spam,0.0
You are right. Meanwhile how's project twins comin up,not spam,not spam,not spam,not spam,not spam,not spam,not spam,0.0
Hi 07734396839 IBH Customer Loyalty Offer: The NEW NOKIA6600 Mobile from ONLY å£10 at TXTAUCTION!Txt word:START to No:81151 & get Yours Now!4T&,spam,spam,spam,spam,spam,spam,spam,1.0
I am hot n horny and willing I live local to you - text a reply to hear strt back from me 150p per msg Netcollex LtdHelpDesk: 02085076972 reply Stop to end,spam,spam,spam,spam,spam,spam,spam,1.0
I anything lor...,not spam,not spam,not spam,not spam,not spam,not spam,not spam,0.0
"Sorry, I'll call later",not spam,not spam,not spam,not spam,not spam,not spam,not spam,0.0
Do you want a New Nokia 3510i Colour Phone Delivered Tomorrow? With 200 FREE minutes to any mobile + 100 FREE text + FREE camcorder Reply or Call 08000930705,spam,spam,spam,spam,spam,spam,spam,1.0
Congratulations YOU'VE Won. You're a Winner in our August å£1000 Prize Draw. Call 09066660100 NOW. Prize Code 2309.,spam,spam,spam,spam,spam,spam,spam,1.0
"Aight, we'll head out in a few",not spam,not spam,not spam,not spam,not spam,not spam,not spam,0.0
I know you mood off today,not spam,not spam,not spam,not spam,not spam,not spam,not spam,0.0
Pls come quick cant bare this.,not spam,not spam,not spam,not spam,not spam,not spam,not spam,0.0
"Call me. I m unable to cal. Lets meet bhaskar, and deep",not spam,not spam,spam,not spam,not spam,not spam,not spam,0.2
"Can you please ask macho what his price range is, does he want something new or used plus it he only interfued in the blackberry bold  &lt;#&gt;  or any bb",not spam,spam,spam,spam,not spam,not spam,spam,0.6
Sorry sent blank msg again. Yup but trying 2 do some serious studying now.,not spam,not spam,not spam,not spam,not spam,not spam,not spam,0.0
8007 25p 4 Alfie Moon's Children in Need song on ur mob. Tell ur m8s. Txt TONE CHARITY to 8007 for nokias or POLY CHARITY for polys :zed 08701417012 profit 2 charity ,spam,spam,spam,spam,spam,spam,spam,1.0
That means from february to april i'll be getting a place to stay down there so i don't have to hustle back and forth during audition season as i have since my sister moved away from harlem.,not spam,not spam,not spam,not spam,not spam,not spam,not spam,0.0
Goin to workout lor... Muz lose e fats... ,not spam,not spam,spam,not spam,not spam,not spam,not spam,0.2
I want to tel u one thing u should not mistake me k THIS IS THE MESSAGE THAT YOU SENT:),not spam,spam,spam,spam,not spam,not spam,spam,0.6
Still chance there. If you search hard you will get it..let have a try :),not spam,spam,spam,not spam,not spam,not spam,not spam,0.4
Should I head straight there or what,not spam,not spam,not spam,not spam,not spam,not spam,not spam,0.0
Get the official ENGLAND poly ringtone or colour flag on yer mobile for tonights game! Text TONE or FLAG to 84199. Optout txt ENG STOP Box39822 W111WX å£1.50,spam,spam,spam,spam,spam,spam,spam,1.0
Oooh I got plenty of those!,not spam,not spam,not spam,not spam,not spam,not spam,not spam,0.0
Hui xin is in da lib.,not spam,not spam,not spam,not spam,not spam,not spam,not spam,0.0
You know what hook up means right?,not spam,spam,not spam,spam,not spam,not spam,not spam,0.4
"Customer service announcement. We recently tried to make a delivery to you but were unable to do so, please call 07090298926 to re-schedule. Ref:9307622",spam,spam,spam,spam,spam,spam,spam,1.0
"You can stop further club tones by replying \STOP MIX\"" See my-tone.com/enjoy. html for terms. Club tones cost GBP4.50/week. MFL",spam,spam,spam,spam,spam,spam,spam,1.0
wamma get laid?want real doggin locations sent direct to your mobile? join the UKs largest dogging network. txt dogs to 69696 now!nyt. ec2a. 3lp å£1.50/msg.,spam,spam,spam,spam,spam,spam,spam,1.0
Carlos says we can pick up from him later so yeah we're set,not spam,not spam,not spam,not spam,not spam,not spam,not spam,0.0
Hmm ill have to think about it... ok you're forgiven! =D,not spam,not spam,not spam,not spam,not spam,not spam,not spam,0.0
Want to send me a virtual hug?... I need one,not spam,not spam,not spam,not spam,not spam,not spam,not spam,0.0
"Probably not, still going over some stuff here",not spam,not spam,not spam,not spam,not spam,not spam,not spam,0.0
Senthil group company Apnt 5pm.,not spam,spam,not spam,spam,not spam,not spam,not spam,0.4
Oh really?? Did you make it on air? What's your talent?,not spam,not spam,not spam,not spam,not spam,not spam,not spam,0.0
Wait.i will come out.. &lt;#&gt;  min:),not spam,not spam,spam,not spam,spam,not spam,not spam,0.4
I will reach ur home in  &lt;#&gt;  minutes,not spam,not spam,spam,spam,not spam,not spam,not spam,0.4
"What are you doing in langport? Sorry, but I'll probably be in bed by 9pm. It sucks being ill at xmas! When do you and go2sri lanka? ",not spam,not spam,not spam,not spam,not spam,not spam,not spam,0.0
Thanks for loving me so. You rock,not spam,not spam,not spam,not spam,not spam,not spam,not spam,0.0
You have won a Nokia 7250i. This is what you get when you win our FREE auction. To take part send Nokia to 86021 now. HG/Suite342/2Lands Row/W1JHL 16+,spam,spam,spam,spam,spam,spam,spam,1.0
Promotion Number: 8714714 - UR awarded a City Break and could WIN a å£200 Summer Shopping spree every WK. Txt STORE to 88039 . SkilGme. TsCs087147403231Winawk!Age16 å£1.50perWKsub,spam,spam,spam,spam,spam,spam,spam,1.0
Stupid.its not possible,not spam,not spam,not spam,not spam,not spam,not spam,not spam,0.0
I'll meet you in the lobby,not spam,not spam,not spam,not spam,not spam,not spam,not spam,0.0
No i am not having not any movies in my laptop,not spam,not spam,not spam,not spam,not spam,not spam,not spam,0.0
"Hello, As per request from  &lt;#&gt;  Rs.5 has been transfered to you",not spam,spam,spam,spam,spam,spam,spam,1.0
I am in tirupur.  call you da.,not spam,not spam,spam,not spam,not spam,not spam,not spam,0.2
You are a winner you have been specially selected to receive å£1000 cash or a å£2000 award. Speak to a live operator to claim call 087147123779am-7pm. Cost 10p,spam,spam,spam,spam,spam,spam,spam,1.0
How i noe... Did Ì_ specify da domain as nusstu... ÌÏ still in sch...,not spam,spam,spam,spam,not spam,not spam,spam,0.6
Oh...i asked for fun. Haha...take care. Ì_,not spam,not spam,not spam,not spam,not spam,not spam,not spam,0.0
Hey loverboy! I love you !! I had to tell ... I look at your picture and ache to feel you between my legs ... Fuck I want you ... I need you ... I crave you .,not spam,spam,spam,spam,spam,spam,spam,1.0
Kent vale lor... ÌÏ wait 4 me there ar?,not spam,not spam,not spam,not spam,not spam,not spam,not spam,0.0
Reading gud habit.. Nan bari hudgi yorge pataistha ertini kano:-),not spam,not spam,spam,not spam,spam,not spam,not spam,0.4
Free Top ringtone -sub to weekly ringtone-get 1st week free-send SUBPOLY to 81618-?3 per week-stop sms-08718727870,spam,spam,spam,spam,spam,spam,spam,1.0
Ok.ok ok..then..whats ur todays plan,not spam,not spam,not spam,not spam,not spam,not spam,not spam,0.0
"Sorry pa, i dont knw who ru pa?",not spam,not spam,not spam,not spam,not spam,not spam,not spam,0.0
If i not meeting Ì_ all rite then i'll go home lor. If Ì_ dun feel like comin it's ok.,not spam,not spam,not spam,not spam,not spam,not spam,not spam,0.0
"I am late,so call you tomorrow morning.take care sweet dreams....u and me...ummifying...bye.",not spam,not spam,spam,not spam,not spam,not spam,not spam,0.2
"Thanks for your ringtone order, reference number X49. Your mobile will be charged 4.50. Should your tone not arrive please call customer services 09065989182. From: [colour=red]text[/colour]TXTstar",spam,spam,spam,spam,spam,spam,spam,1.0
"Yeah why not, is the gang all ready",not spam,not spam,not spam,not spam,not spam,not spam,not spam,0.0
Blank is Blank. But wat is blank? Lol,not spam,not spam,not spam,not spam,not spam,not spam,not spam,0.0
"Hi there, 2nights ur lucky night! Uve been invited 2 XCHAT, the Uks wildest chat! Txt CHAT to 86688 now! 150p/MsgrcvdHG/Suite342/2Lands/Row/W1J6HL LDN 18yrs",spam,spam,spam,spam,spam,spam,spam,1.0
The search 4 happiness is 1 of d main sources of unhappiness! Accept life the way it comes! U will find happiness in every moment u live.,not spam,spam,not spam,not spam,not spam,not spam,not spam,0.2
"Isn't frnd a necesity in life? imagine urself witout a frnd.. hw'd u feel at ur colleg? wat'll u do wth ur cell? wat abt functions? thnk abt events espe'll cared, missed &amp; irritated u? 4wrd it to all those dear-loving frnds wthout whom u cant live.. I jst did it.. Takecare..:) GOODMORNING",not spam,spam,spam,not spam,spam,spam,spam,0.8
Old Orchard near univ. How about you?,not spam,not spam,not spam,not spam,not spam,not spam,not spam,0.0
"ItÛ÷s å£6 to get in, is that ok?",not spam,not spam,not spam,spam,spam,not spam,not spam,0.4
Did you stitch his trouser,not spam,not spam,not spam,spam,not spam,not spam,not spam,0.2
2/2 146tf150p,spam,spam,spam,not spam,not spam,not spam,not spam,0.4
Hey i'm bored... So i'm thinking of u... So wat r u doing?,not spam,not spam,spam,not spam,not spam,not spam,not spam,0.2
"Aight, let me know when you're gonna be around usf",not spam,not spam,not spam,not spam,not spam,not spam,not spam,0.0
ÌÏ neva tell me how i noe... I'm not at home in da aft wat... ,not spam,not spam,not spam,not spam,not spam,not spam,not spam,0.0
"A bit of Ur smile is my hppnss, a drop of Ur tear is my sorrow, a part of Ur heart is my life, a heart like mine wil care for U, forevr as my GOODFRIEND",not spam,spam,spam,spam,not spam,not spam,spam,0.6
Dear Voucher Holder 2 claim your 1st class airport lounge passes when using Your holiday voucher call 08704439680. When booking quote 1st class x 2,spam,spam,spam,spam,spam,spam,spam,1.0
Why are u up so early?,not spam,not spam,not spam,not spam,not spam,not spam,not spam,0.0
Ya that one is slow as poo,not spam,not spam,not spam,not spam,not spam,not spam,not spam,0.0
Bloomberg -Message center +447797706009 Why wait? Apply for your future http://careers. bloomberg.com,spam,spam,spam,spam,spam,spam,spam,1.0
"\Im on gloucesterroad what are uup to later?\""""",not spam,not spam,not spam,not spam,not spam,not spam,not spam,0.0
Yes:)here tv is always available in work place..,not spam,not spam,not spam,not spam,not spam,not spam,not spam,0.0
YES! The only place in town to meet exciting adult singles is now in the UK. Txt CHAT to 86688 now! 150p/Msg.,spam,spam,spam,spam,spam,spam,spam,1.0
We'll join the  &lt;#&gt;  bus,not spam,not spam,not spam,spam,not spam,not spam,not spam,0.2
FREE for 1st week! No1 Nokia tone 4 ur mob every week just txt NOKIA to 8007 Get txting and tell ur mates www.getzed.co.uk POBox 36504 W45WQ norm150p/tone 16+,spam,spam,spam,spam,spam,spam,spam,1.0
K.i will send in  &lt;#&gt;  min:),not spam,spam,not spam,spam,spam,not spam,spam,0.6
Would me smoking you out help us work through this difficult time,not spam,spam,not spam,spam,spam,not spam,spam,0.6
"Someone U know has asked our dating service 2 contact you! Cant guess who? CALL 09058095107 NOW all will be revealed. POBox 7, S3XY 150p ",spam,spam,spam,spam,spam,spam,spam,1.0
Where are you call me.,not spam,not spam,not spam,not spam,not spam,not spam,not spam,0.0
Does uncle timi help in clearing cars,not spam,not spam,not spam,spam,not spam,not spam,not spam,0.2
Hi! You just spoke to MANEESHA V. We'd like to know if you were satisfied with the experience. Reply Toll Free with Yes or No.,not spam,not spam,not spam,not spam,not spam,not spam,not spam,0.0
"Mila, age23, blonde, new in UK. I look sex with UK guys. if u like fun with me. Text MTALK to 69866.18 . 30pp/txt 1st 5free. å£1.50 increments. Help08718728876",spam,spam,spam,spam,spam,spam,spam,1.0
"Once a fishrman woke early in d mrng. It was very dark. He waited a while &amp; found a sack ful of stones. He strtd throwin thm in2 d sea 2 pass time. Atlast he had jus 1stone, sun rose up &amp; he found out tht those r nt stones, those were diamonds. Moral:\Dont wake up early in d mrng'' GOOD night""",not spam,not spam,not spam,not spam,not spam,not spam,not spam,0.0
"Claim a 200 shopping spree, just call 08717895698 now! Have you won! MobStoreQuiz10ppm",spam,spam,spam,spam,spam,spam,spam,1.0
Then ur physics get a-?,not spam,not spam,not spam,not spam,spam,not spam,not spam,0.2
How r Ì_ going to send it to me?,not spam,not spam,not spam,not spam,not spam,not spam,not spam,0.0
Dear got train and seat mine lower seat,not spam,not spam,spam,not spam,not spam,not spam,not spam,0.2
WHORE YOU ARE UNBELIEVABLE.,not spam,spam,spam,spam,spam,spam,spam,1.0
"Want to funk up ur fone with a weekly new tone reply TONES2U 2 this text. www.ringtones.co.uk, the original n best. Tones 3GBP network operator rates apply",spam,spam,spam,spam,spam,spam,spam,1.0
"I love you !!! You know? Can you feel it? Does it make your belly warm? I wish it does, my love ... I shall meet you in your dreams, Ahmad ... *adoring kiss*",not spam,not spam,spam,not spam,not spam,not spam,not spam,0.2
"Twinks, bears, scallies, skins and jocks are calling now. Don't miss the weekend's fun. Call 08712466669 at 10p/min. 2 stop texts call 08712460324(nat rate)",spam,spam,spam,spam,spam,spam,spam,1.0
Hey are you angry with me. Reply me dr.,not spam,not spam,spam,not spam,not spam,not spam,not spam,0.2
Short But Cute: \Be a good person,not spam,not spam,not spam,not spam,not spam,not spam,not spam,0.0
We tried to contact you re your reply to our offer of a Video Handset? 750 anytime any networks mins? UNLIMITED TEXT? Camcorder? Reply or call 08000930705 NOW,spam,spam,spam,spam,spam,spam,spam,1.0
"No dude, its not fake..my frnds got money, thts y i'm reffering u..if u member wit my mail link, u vl be credited  &lt;#&gt; rs and il be getiing  &lt;#&gt; rs..i can draw my acc wen it is  &lt;#&gt; rs..",not spam,spam,spam,spam,spam,spam,spam,1.0
Dude while were makin those weirdy brownies my sister made awesome cookies. I took pics.,not spam,not spam,not spam,not spam,not spam,not spam,not spam,0.0
URGENT! We are trying to contact you. Last weekends draw shows that you have won a å£900 prize GUARANTEED. Call 09061701851. Claim code K61. Valid 12hours only,spam,spam,spam,spam,spam,spam,spam,1.0
Excellent! Wish we were together right now!,not spam,not spam,not spam,not spam,not spam,not spam,not spam,0.0
Pls i wont belive god.not only jesus.,not spam,not spam,not spam,not spam,not spam,not spam,not spam,0.0
"Not yet chikku..k, then wat abt tht guy did he stopped irritating or msging to u..",not spam,not spam,spam,not spam,not spam,not spam,not spam,0.2
74355 XMAS iscoming & ur awarded either å£500 CD gift vouchers & free entry 2 r å£100 weekly draw txt MUSIC to 87066 TnC,spam,spam,spam,spam,spam,spam,spam,1.0
"sorry brah, just finished the last of my exams, what up",not spam,not spam,not spam,not spam,not spam,not spam,not spam,0.0
Just normal only here :),not spam,not spam,not spam,not spam,not spam,not spam,not spam,0.0
"Please protect yourself from e-threats. SIB never asks for sensitive information like Passwords,ATM/SMS PIN thru email. Never share your password with anybody.",not spam,not spam,not spam,not spam,spam,not spam,not spam,0.2
Congratulations U can claim 2 VIP row A Tickets 2 C Blu in concert in November or Blu gift guaranteed Call 09061104276 to claim TS&Cs www.smsco.net costå£3.75max ,spam,spam,spam,spam,spam,spam,spam,1.0
"Sure, I'll see if I can come by in a bit",not spam,not spam,not spam,not spam,not spam,not spam,not spam,0.0
Then Ì_ come n pick me at 530 ar?,not spam,not spam,not spam,not spam,not spam,not spam,not spam,0.0
Went to pay rent. So i had to go to the bank to authorise the payment.,not spam,not spam,not spam,not spam,not spam,not spam,not spam,0.0
"Fantasy Football is back on your TV. Go to Sky Gamestar on Sky Active and play å£250k Dream Team. Scoring starts on Saturday, so register now!SKY OPT OUT to 88088",spam,spam,spam,spam,spam,spam,spam,1.0
"No, its true..k,Do u knw dis no. &lt;#&gt; ?",not spam,not spam,spam,spam,spam,not spam,spam,0.6
"Dont worry, 1 day very big lambu ji vl come..til then enjoy batchlor party:-)",not spam,spam,spam,spam,spam,not spam,spam,0.8
oh ya... Got hip hop open. Haha i was thinking can go for jazz then zoom to cine... Actually tonight i'm free leh... And there's a kb lesson tonight,not spam,not spam,not spam,not spam,not spam,not spam,not spam,0.0
Free msg: Single? Find a partner in your area! 1000s of real people are waiting to chat now!Send CHAT to 62220Cncl send STOPCS 08717890890å£1.50 per msg,spam,spam,spam,spam,spam,spam,spam,1.0
"Win the newest åÒHarry Potter and the Order of the Phoenix (Book 5) reply HARRY, answer 5 questions - chance to be the first among readers!",spam,spam,spam,spam,spam,spam,spam,1.0
Yep. I do like the pink furniture tho.,not spam,not spam,not spam,not spam,not spam,not spam,not spam,0.0
Free Msg: Ringtone!From: http://tms. widelive.com/index. wml?id=1b6a5ecef91ff9*37819&first=true18:0430-JUL-05,spam,spam,spam,spam,spam,spam,spam,1.0
"Customer place, i wil cal u sir.",not spam,not spam,spam,not spam,spam,not spam,not spam,0.4
"Oh my god! I've found your number again! I'm so glad, text me back xafter this msgs cst std ntwk chg å£1.50",spam,spam,spam,spam,spam,spam,spam,1.0
"Theoretically yeah, he could be able to come",not spam,not spam,not spam,not spam,not spam,not spam,not spam,0.0
"Alright we're hooked up, where you guys at",not spam,not spam,not spam,not spam,not spam,not spam,not spam,0.0
Oh ok wait 4 me there... My lect havent finish,not spam,not spam,not spam,not spam,not spam,not spam,not spam,0.0
Yeah my usual guy's out of town but there're definitely people around I know,not spam,not spam,not spam,not spam,not spam,not spam,not spam,0.0
No. Did you multimedia message them or e-mail?,not spam,not spam,not spam,not spam,not spam,not spam,not spam,0.0
Okie but i scared u say i fat... Then u dun wan me already...,not spam,not spam,spam,not spam,not spam,not spam,not spam,0.2
did u get that message,not spam,not spam,not spam,not spam,not spam,not spam,not spam,0.0
What you need. You have a person to give na.,not spam,spam,not spam,spam,spam,spam,spam,0.8
Hi juan. Im coming home on fri hey. Of course i expect a welcome party and lots of presents. Ill phone u when i get back. Loads of love nicky x x x x x x x x x,not spam,not spam,not spam,not spam,not spam,not spam,not spam,0.0
Can you plz tell me the ans. BSLVYL sent via fullonsms.com,not spam,spam,spam,spam,spam,spam,spam,1.0
Short But Cute: \Be a good person,not spam,not spam,not spam,not spam,not spam,not spam,not spam,0.0
A link to your picture has been sent. You can also use http://alto18.co.uk/wave/wave.asp?o=44345,spam,spam,spam,spam,spam,spam,spam,1.0
"Same, I'm at my great aunts anniversary party in tarpon springs",not spam,not spam,not spam,not spam,not spam,not spam,not spam,0.0
ok....take care.umma to you too...,not spam,not spam,not spam,not spam,not spam,not spam,not spam,0.0
"Double Mins & 1000 txts on Orange tariffs. Latest Motorola, SonyEricsson & Nokia with Bluetooth FREE! Call MobileUpd8 on 08000839402 or call2optout/HF8",spam,spam,spam,spam,spam,spam,spam,1.0
No problem. We will be spending a lot of quality time together...,not spam,not spam,not spam,not spam,not spam,not spam,not spam,0.0
URGENT This is our 2nd attempt to contact U. Your å£900 prize from YESTERDAY is still awaiting collection. To claim CALL NOW 09061702893. ACL03530150PM,spam,spam,spam,spam,spam,spam,spam,1.0
Dear Dave this is your final notice to collect your 4* Tenerife Holiday or #5000 CASH award! Call 09061743806 from landline. TCs SAE Box326 CW25WX 150ppm,spam,spam,spam,spam,spam,spam,spam,1.0
Yes. Last  practice,not spam,not spam,not spam,not spam,not spam,not spam,not spam,0.0
tells u 2 call 09066358152 to claim å£5000 prize. U have 2 enter all ur mobile & personal details @ the prompts. Careful!,spam,spam,spam,spam,spam,spam,spam,1.0
Otherwise had part time job na-tuition..,not spam,not spam,not spam,not spam,spam,not spam,not spam,0.2
Your 2004 account for 07XXXXXXXXX shows 786 unredeemed points. To claim call 08719181259 Identifier code: XXXXX Expires 26.03.05,spam,spam,spam,spam,spam,spam,spam,1.0
Do you want a new video handset? 750 anytime any network mins? Half Price Line Rental? Camcorder? Reply or call 08000930705 for delivery tomorrow,spam,spam,spam,spam,spam,spam,spam,1.0
Sounds like a plan! Cardiff is still here and still cold! I'm sitting on the radiator!,not spam,not spam,not spam,not spam,not spam,not spam,not spam,0.0
She.s good. She was wondering if you wont say hi but she.s smiling now. So how are you coping with the long distance,not spam,not spam,not spam,not spam,not spam,not spam,not spam,0.0
You have an important customer service announcement. Call FREEPHONE 0800 542 0825 now!,spam,spam,spam,spam,spam,spam,spam,1.0
Yeah whatever lol,not spam,not spam,not spam,not spam,not spam,not spam,not spam,0.0
I wish! I don't think its gonna snow that much. But it will be more than those flurries we usually get that melt before they hit the ground. Eek! We haven't had snow since &lt;#&gt; before I was even born!,not spam,not spam,not spam,not spam,not spam,not spam,not spam,0.0
FREE>Ringtone! Reply REAL or POLY eg REAL1 1. PushButton 2. DontCha 3. BabyGoodbye 4. GoldDigger 5. WeBeBurnin 1st tone FREE and 6 more when u join for å£3/wk,spam,spam,spam,spam,spam,spam,spam,1.0
"Do 1 thing! Change that sentence into: \Because i want 2 concentrate in my educational career im leaving here..\""""",not spam,spam,spam,spam,not spam,not spam,spam,0.6
How? Izzit still raining?,not spam,not spam,not spam,not spam,not spam,not spam,not spam,0.0
Lol ... I really need to remember to eat when I'm drinking but I do appreciate you keeping me company that night babe *smiles*,not spam,not spam,not spam,not spam,not spam,not spam,not spam,0.0
Yes. Nigh you cant aha.,not spam,not spam,spam,spam,not spam,not spam,not spam,0.4
I thk Ì_ gotta go home by urself. Cos i'll b going out shopping 4 my frens present. ,not spam,not spam,not spam,not spam,not spam,not spam,not spam,0.0
Nooooooo I'm gonna be bored to death all day. Cable and internet outage.,not spam,not spam,not spam,not spam,not spam,not spam,not spam,0.0
How come guoyang go n tell her? Then u told her?,not spam,not spam,not spam,not spam,not spam,not spam,not spam,0.0
They r giving a second chance to rahul dengra.,not spam,not spam,spam,spam,spam,not spam,spam,0.6
WHEN THE FIRST STRIKE IS A RED ONE. THE BIRD + ANTELOPE BEGIN TOPLAY IN THE FIELDOF SELFINDEPENDENCE BELIEVE THIS + THE FLOWER OF CONTENTION WILL GROW.RANDOM!,not spam,spam,spam,spam,spam,spam,spam,1.0
Y Ì_ wan to go there? C doctor?,not spam,not spam,not spam,not spam,not spam,not spam,not spam,0.0
"Free Msg: get Gnarls Barkleys \Crazy\"" ringtone TOTALLY FREE just reply GO to this message right now!""",spam,spam,spam,spam,spam,spam,spam,1.0
She's borderline but yeah whatever.,not spam,not spam,not spam,not spam,not spam,not spam,not spam,0.0
"Sorry, went to bed early, nightnight",not spam,not spam,not spam,not spam,not spam,not spam,not spam,0.0
I like to think there's always the possibility of being in a pub later.,not spam,not spam,not spam,not spam,not spam,not spam,not spam,0.0
HMM yeah if your not too grooved out! And im looking forward to my pound special :),not spam,not spam,not spam,not spam,not spam,not spam,not spam,0.0
Refused a loan? Secured or Unsecured? Can't get credit? Call free now 0800 195 6669 or text back 'help' & we will!,spam,spam,spam,spam,spam,spam,spam,1.0
I knew it... U slept v late yest? Wake up so late...,not spam,not spam,not spam,not spam,not spam,not spam,not spam,0.0
Haha... dont be angry with yourself... Take it as a practice for the real thing. =) ,not spam,not spam,not spam,not spam,not spam,not spam,not spam,0.0
So i could kiss and feel you next to me...,not spam,not spam,not spam,spam,not spam,not spam,not spam,0.2
Have a nice day my dear.,not spam,not spam,not spam,not spam,not spam,not spam,not spam,0.0
Your dad is back in ph?,not spam,spam,not spam,not spam,not spam,not spam,not spam,0.2
"You have been specially selected to receive a \3000 award! Call 08712402050 BEFORE the lines close. Cost 10ppm. 16+. T&Cs apply. AG Promo""",spam,spam,spam,spam,spam,spam,spam,1.0
Love you aathi..love u lot..,not spam,not spam,spam,not spam,not spam,not spam,not spam,0.2
YOU HAVE WON! As a valued Vodafone customer our computer has picked YOU to win a å£150 prize. To collect is easy. Just call 09061743386,spam,spam,spam,spam,spam,spam,spam,1.0
Did u turn on the heater? The heater was on and set to &lt;#&gt; degrees.,not spam,not spam,not spam,not spam,not spam,not spam,not spam,0.0
Thanks for your message. I really appreciate your sacrifice. I'm not sure of the process of direct pay but will find out on my way back from the test tomorrow. I'm in class now. Do have a wonderful day.,not spam,not spam,not spam,not spam,not spam,not spam,not spam,0.0
"That's the trouble with classes that go well - you're due a dodgey one Û_ Expecting mine tomo! See you for recovery, same time, same place ",not spam,not spam,spam,not spam,not spam,not spam,not spam,0.2
Free video camera phones with Half Price line rental for 12 mths and 500 cross ntwk mins 100 txts. Call MobileUpd8 08001950382 or Call2OptOut/674&,spam,spam,spam,spam,spam,spam,spam,1.0
Roger that. WeÛ÷re probably going to rem in about 20,not spam,not spam,not spam,not spam,not spam,not spam,not spam,0.0
I wish u were here. I feel so alone,not spam,not spam,not spam,not spam,not spam,not spam,not spam,0.0
Great NEW Offer - DOUBLE Mins & DOUBLE Txt on best Orange tariffs AND get latest camera phones 4 FREE! Call MobileUpd8 free on 08000839402 NOW! or 2stoptxt T&Cs,spam,spam,spam,spam,spam,spam,spam,1.0
CERI U REBEL! SWEET DREAMZ ME LITTLE BUDDY!! C YA 2MORO! WHO NEEDS BLOKES,not spam,spam,spam,spam,spam,not spam,spam,0.8
ringtoneking 84484,spam,spam,spam,spam,spam,spam,spam,1.0
Huh i cant thk of more oredi how many pages do we have?,not spam,not spam,not spam,not spam,not spam,not spam,not spam,0.0
"Hey, I missed you tm of last night as my phone was on the charge ... *smiles* ... I am meeting a friend shortly",not spam,not spam,not spam,not spam,not spam,not spam,not spam,0.0
Ringtone Club: Gr8 new polys direct to your mobile every week !,spam,spam,spam,spam,spam,spam,spam,1.0
(Bank of Granite issues Strong-Buy) EXPLOSIVE PICK FOR OUR MEMBERS *****UP OVER 300% *********** Nasdaq Symbol CDGT That is a $5.00 per..,spam,spam,spam,spam,spam,spam,spam,1.0
"Dizzamn, aight I'll ask my suitemates when I get back",not spam,not spam,not spam,not spam,not spam,not spam,not spam,0.0
"Nimbomsons. Yep phone knows that one. Obviously, cos thats a real word",not spam,not spam,not spam,not spam,not spam,not spam,not spam,0.0
R u in this continent?,not spam,not spam,not spam,not spam,not spam,not spam,not spam,0.0
We'll you pay over like  &lt;#&gt; yrs so its not too difficult,not spam,not spam,spam,spam,spam,not spam,spam,0.6
Bored housewives! Chat n date now! 0871750.77.11! BT-national rate 10p/min only from landlines!,spam,spam,spam,spam,spam,spam,spam,1.0
We tried to call you re your reply to our sms for a video mobile 750 mins UNLIMITED TEXT free camcorder Reply or call now 08000930705 Del Thurs,spam,spam,spam,spam,spam,spam,spam,1.0
K...k...when will you give treat?,not spam,spam,not spam,not spam,not spam,not spam,not spam,0.2
"This is the 2nd time we have tried to contact u. U have won the å£400 prize. 2 claim is easy, just call 087104711148 NOW! Only 10p per minute. BT-national-rate",spam,spam,spam,spam,spam,spam,spam,1.0
He's just gonna worry for nothing. And he won't give you money its no use.,not spam,not spam,spam,spam,not spam,not spam,not spam,0.4
Well there's a pattern emerging of my friends telling me to drive up and come smoke with them and then telling me that I'm a weed fiend/make them smoke too much/impede their doing other things so you see how I'm hesitant,not spam,not spam,spam,not spam,not spam,not spam,not spam,0.2
I'm reaching home in 5 min.,not spam,not spam,not spam,not spam,not spam,not spam,not spam,0.0
Ha... Then we must walk to everywhere... Cannot take tram. My cousin said can walk to vic market from our hotel ,not spam,not spam,not spam,not spam,not spam,not spam,not spam,0.0
"Wan2 win a Meet+Greet with Westlife 4 U or a m8? They are currently on what tour? 1)Unbreakable, 2)Untamed, 3)Unkempt. Text 1,2 or 3 to 83049. Cost 50p +std text",spam,spam,spam,spam,spam,spam,spam,1.0
Please call our customer service representative on FREEPHONE 0808 145 4742 between 9am-11pm as you have WON a guaranteed å£1000 cash or å£5000 prize!,spam,spam,spam,spam,spam,spam,spam,1.0
You will be receiving this week's Triple Echo ringtone shortly. Enjoy it!,spam,spam,not spam,not spam,not spam,spam,not spam,0.4
Eek that's a lot of time especially since American Pie is like 8 minutes long. I can't stop singing it.,not spam,not spam,not spam,not spam,not spam,not spam,not spam,0.0
"U've been selected to stay in 1 of 250 top British hotels - FOR NOTHING! Holiday valued at å£350! Dial 08712300220 to claim - National Rate Call. Bx526, SW73SS",spam,spam,spam,spam,spam,spam,spam,1.0
Wat time Ì_ wan today?,not spam,not spam,not spam,not spam,not spam,not spam,not spam,0.0
 &lt;#&gt;  in mca. But not conform.,not spam,not spam,not spam,spam,not spam,not spam,not spam,0.2
I am taking you for italian food. How about a pretty dress with no panties? :),not spam,spam,spam,spam,spam,spam,spam,1.0
Wot u up 2? Thout u were gonna call me!! Txt bak luv K,not spam,not spam,spam,not spam,spam,not spam,not spam,0.4
YOU ARE CHOSEN TO RECEIVE A å£350 AWARD! Pls call claim number 09066364311 to collect your award which you are selected to receive as a valued mobile customer.,spam,spam,spam,spam,spam,spam,spam,1.0
Please call our customer service representative on FREEPHONE 0808 145 4742 between 9am-11pm as you have WON a guaranteed å£1000 cash or å£5000 prize!,spam,spam,spam,spam,spam,spam,spam,1.0
I am literally in bed and have been up for like  &lt;#&gt;  hours,not spam,not spam,not spam,not spam,not spam,not spam,not spam,0.0
"Yes, my reg is  Ciao!",not spam,not spam,not spam,spam,not spam,not spam,not spam,0.2
Win a å£1000 cash prize or a prize worth å£5000,spam,spam,spam,spam,spam,spam,spam,1.0
"Thanks for your ringtone order, reference number X49.Your mobile will be charged 4.50. Should your tone not arrive please call customer services 09065989182",spam,spam,spam,spam,spam,spam,spam,1.0
Yeah that's the impression I got,not spam,not spam,not spam,not spam,not spam,not spam,not spam,0.0
Ok ok take care. I can understand.,not spam,not spam,not spam,not spam,not spam,not spam,not spam,0.0
"Motivate Behind every darkness, there is a shining light waiting for you to find it... Behind every best friend, there is always trust and love... BSLVYL",not spam,spam,not spam,spam,not spam,not spam,not spam,0.4
Noice. Text me when you're here,not spam,not spam,not spam,not spam,not spam,not spam,not spam,0.0
Hi di is yijue we're meeting at 7 pm at esaplanade tonight.,not spam,not spam,not spam,not spam,not spam,not spam,not spam,0.0
Moby Pub Quiz.Win a å£100 High Street prize if u know who the new Duchess of Cornwall will be? Txt her first name to 82277.unsub STOP å£1.50 008704050406 SP,spam,spam,spam,spam,spam,spam,spam,1.0
"This weeks SavaMob member offers are now accessible. Just call 08709501522 for details! SavaMob, POBOX 139, LA3 2WU. Only å£1.50/week. SavaMob - offers mobile!",spam,spam,spam,spam,spam,spam,spam,1.0
"Aight I've been set free, think you could text me blake's address? It occurs to me I'm not quite as sure what I'm doing as I thought I was",not spam,not spam,not spam,not spam,not spam,not spam,not spam,0.0
Prof: you have passed in all the papers in this sem congrats . . . . Student: Enna kalaachutaarama..!! Prof:???? Gud mrng!,not spam,not spam,not spam,not spam,not spam,not spam,not spam,0.0
Fyi I'm gonna call you sporadically starting at like  &lt;#&gt;  bc we are not not doin this shit,not spam,not spam,spam,not spam,spam,not spam,not spam,0.4
"You are being contacted by our Dating Service by someone you know! To find out who it is, call from your mobile or landline 09064017305 PoBox75LDNS7 ",spam,spam,spam,spam,spam,spam,spam,1.0
TBS/PERSOLVO. been chasing us since Sept forå£38 definitely not paying now thanks to your information. We will ignore them. Kath. Manchester.,spam,not spam,spam,spam,spam,not spam,spam,0.6
Hope youåÕre not having too much fun without me!! see u tomorrow love jess x,not spam,not spam,not spam,not spam,not spam,not spam,not spam,0.0
Loans for any purpose even if you have Bad Credit! Tenants Welcome. Call NoWorriesLoans.com on 08717111821,spam,spam,spam,spam,spam,spam,spam,1.0
A lot of this sickness thing going round. Take it easy. Hope u feel better soon. Lol,not spam,not spam,not spam,not spam,not spam,not spam,not spam,0.0
"God picked up a flower and dippeditinaDEW, lovingly touched itwhichturnedinto u, and the he gifted tomeandsaid,THIS FRIEND IS 4U",not spam,spam,spam,spam,spam,not spam,spam,0.8
87077: Kick off a new season with 2wks FREE goals & news to ur mobile! Txt ur club name to 87077 eg VILLA to 87077,spam,spam,spam,spam,spam,spam,spam,1.0
Gam gone after outstanding innings.,not spam,not spam,not spam,not spam,not spam,not spam,not spam,0.0
O i played smash bros  &lt;#&gt;  religiously.,not spam,not spam,not spam,not spam,not spam,not spam,not spam,0.0
Hurry home. Soup is DONE!,not spam,not spam,not spam,not spam,not spam,not spam,not spam,0.0
"Orange brings you ringtones from all time Chart Heroes, with a free hit each week! Go to Ringtones & Pics on wap. To stop receiving these tips reply STOP.",spam,spam,spam,spam,spam,spam,spam,1.0
PRIVATE! Your 2003 Account Statement for 07973788240 shows 800 un-redeemed S. I. M. points. Call 08715203649 Identifier Code: 40533 Expires 31/10/04,spam,spam,spam,spam,spam,spam,spam,1.0
We tried to call you re your reply to our sms for a video mobile 750 mins UNLIMITED TEXT + free camcorder Reply of call 08000930705 Now,spam,spam,spam,spam,spam,spam,spam,1.0
"Hey doc pls I want to get nice t shirt for my hubby nice fiting ones my budget is  &lt;#&gt; k help pls I will load d card abi hw,keep me posted luv. 2 mj",not spam,spam,spam,spam,spam,not spam,spam,0.8
how are you? I miss you!,not spam,not spam,not spam,not spam,not spam,not spam,not spam,0.0
I think just yourself Û_Thanks and see you tomo,not spam,not spam,not spam,not spam,not spam,not spam,not spam,0.0
GSOH? Good with SPAM the ladies?U could b a male gigolo? 2 join the uk's fastest growing mens club reply ONCALL. mjzgroup. 08714342399.2stop reply STOP. msg@å£1.50rcvd,spam,spam,spam,spam,spam,spam,spam,1.0
Ok then i will come to ur home after half an hour,not spam,not spam,not spam,not spam,not spam,not spam,not spam,0.0
U have a secret admirer who is looking 2 make contact with U-find out who they R*reveal who thinks UR so special-call on 09058094599,spam,spam,spam,spam,spam,spam,spam,1.0
Do u hav any frnd by name ashwini in ur college?,not spam,not spam,not spam,not spam,spam,not spam,not spam,0.2
Jus finish my lunch on my way home lor... I tot u dun wan 2 stay in sch today...,not spam,not spam,spam,not spam,not spam,not spam,not spam,0.2
"HOT LIVE FANTASIES call now 08707500020 Just 20p per min NTT Ltd, PO Box 1327 Croydon CR9 5WB 0870 is a national rate call",spam,spam,spam,spam,spam,spam,spam,1.0
I want to lick your pussy now...,not spam,spam,spam,spam,spam,spam,spam,1.0
URGENT! Your Mobile number has been awarded a <UKP>2000 prize GUARANTEED. Call 09061790125 from landline. Claim 3030. Valid 12hrs only 150ppm,spam,spam,spam,spam,spam,spam,spam,1.0
"Sure thing big man. i have hockey elections at 6, shouldnÛ÷t go on longer than an hour though",not spam,not spam,not spam,not spam,not spam,not spam,not spam,0.0
"Hey sexy buns ! Have I told you ? I adore you, loverboy. I hope you remember to thank your sister in law for those meatballs *grins* ... i love you, babe",not spam,spam,spam,spam,not spam,not spam,spam,0.6
May b approve panalam...but it should have more posts..,not spam,not spam,spam,not spam,not spam,not spam,not spam,0.2
"SPJanuary Male Sale! Hot Gay chat now cheaper, call 08709222922. National rate from 1.5p/min cheap to 7.8p/min peak! To stop texts call 08712460324 (10p/min)",spam,spam,spam,spam,spam,spam,spam,1.0
"Sorry, I'll call later",not spam,not spam,not spam,not spam,not spam,not spam,not spam,0.0
Hi baby ive just got back from work and i was wanting to see u allday! I hope i didnt piss u off on the phone today. If u are up give me a call xxx,not spam,not spam,spam,not spam,spam,not spam,not spam,0.4
FreeMsg Today's the day if you are ready! I'm horny & live in your town. I love sex fun & games! Netcollex Ltd 08700621170150p per msg reply Stop to end,spam,spam,spam,spam,spam,spam,spam,1.0
Just got to  &lt;#&gt;,not spam,not spam,not spam,spam,not spam,not spam,not spam,0.2
"Ever green quote ever told by Jerry in cartoon \A Person Who Irritates u Always Is the one Who Loves u Vry Much But Fails to Express It...!..!! :-) :-) gud nyt""",not spam,spam,spam,spam,not spam,not spam,spam,0.6
"In The Simpsons Movie released in July 2007 name the band that died at the start of the film? A-Green Day, B-Blue Day, C-Red Day. (Send A, B or C)",spam,spam,not spam,not spam,not spam,not spam,not spam,0.2
I canåÕt wait for cornwall. Hope tonight isnåÕt too bad as well but itåÕs rock night shite. Anyway iåÕm going for a kip now have a good night. Speak to you soon.,not spam,not spam,not spam,not spam,not spam,not spam,not spam,0.0
Please call Amanda with regard to renewing or upgrading your current T-Mobile handset free of charge. Offer ends today. Tel 0845 021 3680 subject to T's and C's,spam,spam,spam,spam,spam,spam,spam,1.0
I only work from mon to thurs but Sat i cant leh... Booked liao... Which other day u free?,not spam,not spam,spam,not spam,not spam,not spam,not spam,0.2
"URGENT!! Your 4* Costa Del Sol Holiday or å£5000 await collection. Call 09050090044 Now toClaim. SAE, TC s, POBox334, Stockport, SK38xh, Costå£1.50/pm, Max10mins",spam,spam,spam,spam,spam,spam,spam,1.0
Want a new Video Phone? 750 anytime any network mins? Half price line rental free text for 3 months? Reply or call 08000930705 for free delivery,spam,spam,spam,spam,spam,spam,spam,1.0
"Yo, call me when you get the chance, a friend of mine wanted me to ask you about a big order",not spam,not spam,not spam,not spam,not spam,spam,not spam,0.2
It certainly puts things into perspective when something like this happens,not spam,not spam,not spam,not spam,not spam,not spam,not spam,0.0
i felt so...not any conveying reason.. Ese he... What about me?,not spam,not spam,not spam,not spam,not spam,not spam,not spam,0.0
Had your mobile 11 months or more? U R entitled to Update to the latest colour mobiles with camera for Free! Call The Mobile Update Co FREE on 08002986030,spam,spam,spam,spam,spam,spam,spam,1.0
I told that am coming on wednesday.,not spam,not spam,not spam,not spam,not spam,not spam,not spam,0.0
"Dear Voucher Holder, To claim this weeks offer, at your PC please go to http://www.wtlp.co.uk/text. Ts&Cs apply.",spam,spam,spam,spam,spam,spam,spam,1.0
Are you at work right now ?,not spam,not spam,not spam,not spam,not spam,not spam,not spam,0.0
Congrats! Nokia 3650 video camera phone is your Call 09066382422 Calls cost 150ppm Ave call 3mins vary from mobiles 16+ Close 300603 post BCM4284 Ldn WC1N3XX,spam,spam,spam,spam,spam,spam,spam,1.0
Pls what's the full name of joke's school cos fees in university of florida seem to actually be  &lt;#&gt; k. Pls holla back,not spam,spam,spam,not spam,spam,not spam,spam,0.6
And pls pls drink plenty plenty water,not spam,not spam,spam,not spam,not spam,not spam,not spam,0.2
How are you doing. How's the queen. Are you going for the royal wedding,not spam,not spam,spam,not spam,not spam,not spam,not spam,0.2
Two teams waiting for some players,not spam,not spam,not spam,not spam,not spam,not spam,not spam,0.0
"Ok da, i already planned. I wil pick you.",not spam,not spam,not spam,not spam,not spam,not spam,not spam,0.0
"Urgent! Please call 0906346330. Your ABTA complimentary 4* Spanish Holiday or å£10,000 cash await collection SAE T&Cs BOX 47 PO19 2EZ 150ppm 18+",spam,spam,spam,spam,spam,spam,spam,1.0
"Sorry, I'll call later in meeting",not spam,not spam,not spam,not spam,not spam,not spam,not spam,0.0
I'm good. Have you registered to vote?,not spam,not spam,not spam,not spam,not spam,not spam,not spam,0.0
"Well the general price is  &lt;#&gt; /oz, let me know if/when/how much you want",not spam,spam,not spam,spam,not spam,not spam,not spam,0.4
Can not use foreign stamps in this country.,not spam,not spam,not spam,not spam,not spam,not spam,not spam,0.0
"Double mins and txts 4 6months FREE Bluetooth on Orange. Available on Sony, Nokia Motorola phones. Call MobileUpd8 on 08000839402 or call2optout/N9DX",spam,spam,spam,spam,spam,spam,spam,1.0
FREE for 1st week! No1 Nokia tone 4 ur mob every week just txt NOKIA to 8007 Get txting and tell ur mates www.getzed.co.uk POBox 36504 W45WQ norm150p/tone 16+,spam,spam,spam,spam,spam,spam,spam,1.0
"Want to funk up ur fone with a weekly new tone reply TONES2U 2 this text. www.ringtones.co.uk, the original n best. Tones 3GBP network operator rates apply",spam,spam,spam,spam,spam,spam,spam,1.0
"cmon babe, make me horny, *turn* me on! Txt me your fantasy now babe -) Im hot, sticky and need you now. All replies cost å£1.50. 2 cancel send STOP",spam,spam,spam,spam,spam,spam,spam,1.0
Wylie update: my weed dealer carlos went to freedom and had a class with lunsford,not spam,spam,not spam,spam,not spam,not spam,not spam,0.4
C movie is juz last minute decision mah. Juz watch 2 lar but i tot Ì_ not interested.,not spam,not spam,not spam,not spam,not spam,not spam,not spam,0.0
IMPORTANT INFORMATION 4 ORANGE USER 0796XXXXXX. TODAY IS UR LUCKY DAY!2 FIND OUT WHY LOG ONTO http://www.urawinner.com THERE'S A FANTASTIC PRIZEAWAITING YOU!,spam,spam,spam,spam,spam,spam,spam,1.0
Or i go home first lar Ì_ wait 4 me lor.. I put down my stuff first..,not spam,not spam,not spam,not spam,not spam,not spam,not spam,0.0
I want kfc its Tuesday. Only buy 2 meals ONLY 2. No gravy. Only 2 Mark. 2!,not spam,spam,spam,spam,spam,not spam,spam,0.8
Oi when you gonna ring,not spam,not spam,not spam,not spam,not spam,not spam,not spam,0.0
Missed call alert. These numbers called but left no message. 07008009200,spam,spam,spam,spam,spam,spam,spam,1.0
I attended but nothing is there.,not spam,not spam,not spam,not spam,not spam,not spam,not spam,0.0
No dear i was sleeping :-P,not spam,not spam,not spam,not spam,not spam,not spam,not spam,0.0
Anything lor if they all go then i go lor...,not spam,not spam,spam,not spam,spam,not spam,not spam,0.4
U free on sat rite? U wan 2 watch infernal affairs wif me n darren n mayb xy?,not spam,spam,spam,not spam,spam,not spam,spam,0.6
"\The world suffers a lot... Not because of the violence of bad people. But because of the silence of good people!\""",not spam,not spam,not spam,not spam,not spam,not spam,not spam,0.0
Have you bookedthe hut? And also your time off? How are you by the way?,not spam,not spam,not spam,not spam,not spam,not spam,not spam,0.0
I'm at home. Please call,not spam,not spam,not spam,not spam,not spam,not spam,not spam,0.0
FREEMSG: Our records indicate you may be entitled to 3750 pounds for the Accident you had. To claim for free reply with YES to this msg. To opt out text STOP,spam,spam,spam,spam,spam,spam,spam,1.0
"U can WIN å£100 of Music Gift Vouchers every week starting NOW Txt the word DRAW to 87066 TsCs www.Idew.com SkillGame, 1Winaweek, age16. 150ppermessSubscription",spam,spam,spam,spam,spam,spam,spam,1.0
Show ur colours! Euro 2004 2-4-1 Offer! Get an England Flag & 3Lions tone on ur phone! Click on the following service message for info!,spam,spam,spam,spam,spam,spam,spam,1.0
Okie...,not spam,not spam,not spam,not spam,not spam,not spam,not spam,0.0
"Aight, I'm chillin in a friend's room so text me when you're on the way",not spam,not spam,not spam,not spam,not spam,not spam,not spam,0.0
Well welp is sort of a semiobscure internet thing,not spam,not spam,not spam,not spam,not spam,not spam,not spam,0.0
Text PASS to 69669 to collect your polyphonic ringtones. Normal gprs charges apply only. Enjoy your tones,spam,spam,spam,spam,spam,spam,spam,1.0
"accordingly. I repeat, just text the word ok on your mobile phone and send",spam,spam,not spam,spam,not spam,spam,spam,0.6
How much for an eighth?,not spam,not spam,not spam,not spam,not spam,spam,not spam,0.2
Juz now havent woke up so a bit blur blur... Can? Dad went out liao... I cant cum now oso...,not spam,not spam,spam,not spam,not spam,not spam,not spam,0.2
Block Breaker now comes in deluxe format with new features and great graphics from T-Mobile. Buy for just å£5 by replying GET BBDELUXE and take the challenge,spam,spam,spam,spam,spam,spam,spam,1.0
important information 4 orange user . today is your lucky day!2find out why log onto http://www.urawinner.com THERE'S A FANTASTIC SURPRISE AWAITING YOU!,spam,spam,spam,spam,spam,spam,spam,1.0
Sad story of a Man - Last week was my b'day. My Wife did'nt wish me. My Parents forgot n so did my Kids . I went to work. Even my Colleagues did not wish.,not spam,not spam,not spam,not spam,not spam,not spam,not spam,0.0
You'll never believe this but i have actually got off at taunton. Wow,not spam,not spam,not spam,not spam,not spam,not spam,not spam,0.0
"Den only weekdays got special price... Haiz... Cant eat liao... Cut nails oso muz wait until i finish drivin wat, lunch still muz eat wat... ",not spam,not spam,spam,not spam,not spam,not spam,not spam,0.2
She just broke down a list of reasons why nobody's in town and I can't tell if she's being sarcastic or just faggy,not spam,not spam,not spam,not spam,not spam,not spam,not spam,0.0
Beauty sleep can help ur pimples too.,not spam,not spam,not spam,not spam,not spam,not spam,not spam,0.0
Natalja (25/F) is inviting you to be her friend. Reply YES-440 or NO-440 See her: www.SMS.ac/u/nat27081980 STOP? Send STOP FRND to 62468,spam,spam,spam,spam,spam,spam,spam,1.0
Ball is moving a lot.will spin in last :)so very difficult to bat:),not spam,not spam,spam,not spam,not spam,not spam,not spam,0.2
"URGENT. Important information for 02 user. Today is your lucky day! 2 find out why , log onto http://www.urawinner.com there is a fantastic surprise awaiting you !",spam,spam,spam,spam,spam,spam,spam,1.0
WINNER!! As a valued network customer you have been selected to receivea å£900 prize reward! To claim call 09061701461. Claim code KL341. Valid 12 hours only.,spam,spam,spam,spam,spam,spam,spam,1.0
"Wn u r hurt by d prsn who s close 2 u, do fight wit dem. Coz somtimes dis fight saves a relation bt being quiet leaves nothin in a relation.. Gud eveB-)",not spam,spam,not spam,not spam,not spam,not spam,not spam,0.2
"Science tells that chocolate will melt under the sunlight. Please don't walk under the sunlight. BCoz,I don't want to loss a sweet friend.",not spam,not spam,not spam,not spam,not spam,not spam,not spam,0.0
I pocked you up there before,not spam,not spam,not spam,not spam,not spam,not spam,not spam,0.0
"Okay, good, no problem, and thanx!",not spam,not spam,not spam,not spam,not spam,not spam,not spam,0.0
"For you information, IKEA is spelled with all caps. That is not yelling. when you thought i had left you, you were sitting on the bed among the mess when i came in. i said we were going after you got home from class. please don't try and bullshit me. It makes me want to listen to you less.",not spam,not spam,spam,not spam,not spam,not spam,not spam,0.2
Kit Strip - you have been billed 150p. Netcollex Ltd. PO Box 1013 IG11 OJA,spam,spam,spam,spam,spam,spam,spam,1.0
HMV BONUS SPECIAL 500 pounds of genuine HMV vouchers to be won. Just answer 4 easy questions. Play Now! Send HMV to 86688 More info:www.100percent-real.com,spam,spam,spam,spam,spam,spam,spam,1.0
Please CALL 08712402578 immediately as there is an urgent message waiting for you,spam,spam,spam,spam,spam,spam,spam,1.0
thesmszone.com lets you send free anonymous and masked messages..im sending this message from there..do you see the potential for abuse???,spam,spam,spam,spam,spam,spam,spam,1.0
"WELL DONE! Your 4* Costa Del Sol Holiday or å£5000 await collection. Call 09050090044 Now toClaim. SAE, TCs, POBox334, Stockport, SK38xh, Costå£1.50/pm, Max10mins",spam,spam,spam,spam,spam,spam,spam,1.0
"Erm... Woodland avenue somewhere. Do you get the parish magazine, his telephone number will be in there.",not spam,spam,not spam,not spam,not spam,not spam,not spam,0.2
"Good good, billy mates all gone. Just been jogging, again! Did enjoy concert?",not spam,not spam,not spam,not spam,not spam,not spam,not spam,0.0
I guess it is useless calling u 4 something important.,not spam,not spam,not spam,not spam,not spam,not spam,not spam,0.0
Someone U know has asked our dating service 2 contact you! Cant Guess who? CALL 09058091854 NOW all will be revealed. PO BOX385 M6 6WU,spam,spam,spam,spam,spam,spam,spam,1.0
It so happens that there r 2waxsto do wat you want. She can come and ill get her medical insurance. And she'll be able to deliver and have basic care. I'm currently shopping for the right medical insurance for her. So just give me til friday morning. Thats when i.ll see the major person that can guide me to the right insurance.,not spam,spam,spam,not spam,not spam,not spam,not spam,0.4
I keep ten rs in my shelf:) buy two egg.,not spam,not spam,not spam,not spam,not spam,not spam,not spam,0.0
Hey mr  and I are going to the sea view and having a couple of gays I mean games! Give me a bell when ya finish ,not spam,not spam,spam,not spam,not spam,not spam,not spam,0.2
"K, jason says he's gonna be around so I'll be up there around  &lt;#&gt;",not spam,not spam,not spam,not spam,not spam,not spam,not spam,0.0
Sorry . I will be able to get to you. See you in the morning.,not spam,not spam,not spam,not spam,not spam,not spam,not spam,0.0
I am not having her number sir,not spam,not spam,not spam,not spam,not spam,not spam,not spam,0.0
Am only searching for good dual sim mobile pa.,not spam,spam,spam,spam,not spam,not spam,spam,0.6
That seems unnecessarily hostile,not spam,not spam,not spam,not spam,not spam,not spam,not spam,0.0
"Congrats! 2 mobile 3G Videophones R yours. call 09061744553 now! videochat wid ur mates, play java games, Dload polyH music, noline rentl. bx420. ip4. 5we. 150pm",spam,spam,spam,spam,spam,spam,spam,1.0
Nope i'll come online now..,not spam,not spam,not spam,not spam,not spam,not spam,not spam,0.0
Boo what time u get out? U were supposed to take me shopping today. :(,not spam,not spam,not spam,not spam,not spam,not spam,not spam,0.0
"Now u sound like manky scouse boy steve,like! I is travelling on da bus home.wot has u inmind 4 recreation dis eve?",not spam,not spam,spam,not spam,spam,not spam,not spam,0.4
"Fyi I'm taking a quick shower, be at epsilon in like  &lt;#&gt;  min",not spam,not spam,not spam,not spam,not spam,not spam,not spam,0.0
I want to sent  &lt;#&gt; mesages today. Thats y. Sorry if i hurts,not spam,spam,spam,spam,not spam,not spam,spam,0.6
Its a valentine game. . . send dis msg to all ur friends. . If 5 answers r d same then someone really loves u. . Ques- which colour suits me the best?,not spam,spam,spam,spam,spam,not spam,spam,0.8
U 447801259231 have a secret admirer who is looking 2 make contact with U-find out who they R*reveal who thinks UR so special-call on 09058094597,spam,spam,spam,spam,spam,spam,spam,1.0
"Night has ended for another day, morning has come in a special way. May you smile like the sunny rays and leaves your worries at the blue blue bay. Gud mrng",not spam,not spam,not spam,not spam,not spam,not spam,not spam,0.0
Hows the pain dear?y r u smiling?,not spam,not spam,not spam,spam,spam,not spam,not spam,0.4
important information 4 orange user 0789xxxxxxx. today is your lucky day!2find out why log onto http://www.urawinner.com THERE'S A FANTASTIC SURPRISE AWAITING YOU!,spam,spam,spam,spam,spam,spam,spam,1.0
"Our dating service has been asked 2 contact U by someone shy! CALL 09058091870 NOW all will be revealed. POBox84, M26 3UZ 150p",spam,spam,spam,spam,spam,spam,spam,1.0
ÌÏ only send me the contents page...,not spam,spam,not spam,spam,not spam,not spam,not spam,0.4
"I can't right this second, gotta hit people up first",not spam,not spam,not spam,not spam,not spam,not spam,not spam,0.0
1 I don't have her number and 2 its gonna be a massive pain in the ass and i'd rather not get involved if that's possible,not spam,not spam,not spam,not spam,not spam,not spam,not spam,0.0
Do you want a new Video handset? 750 any time any network mins? UNLIMITED TEXT? Camcorder? Reply or Call now 08000930705 for del Sat AM,spam,spam,spam,spam,spam,spam,spam,1.0
"Ur balance is now å£600. Next question: Complete the landmark, Big, A. Bob, B. Barry or C. Ben ?. Text A, B or C to 83738. Good luck!",spam,spam,spam,spam,spam,spam,spam,1.0
Ur TONEXS subscription has been renewed and you have been charged å£4.50. You can choose 10 more polys this month. www.clubzed.co.uk *BILLING MSG*,spam,spam,spam,spam,spam,spam,spam,1.0
"If you don't, your prize will go to another customer. T&C at www.t-c.biz 18+ 150p/min Polo Ltd Suite 373 London W1J 6HL Please call back if busy",spam,spam,spam,spam,spam,spam,spam,1.0
How much is torch in 9ja.,not spam,not spam,not spam,not spam,not spam,not spam,not spam,0.0
"Doing nothing, then u not having dinner w us?",not spam,not spam,not spam,not spam,not spam,not spam,not spam,0.0
Mathews or tait or edwards or anderson,not spam,not spam,not spam,not spam,not spam,not spam,not spam,0.0
No need lar i go engin? Cos my sis at arts today...,not spam,not spam,not spam,not spam,not spam,not spam,not spam,0.0
Do you want a New Nokia 3510i Colour Phone Delivered Tomorrow? With 200 FREE minutes to any mobile + 100 FREE text + FREE camcorder Reply or Call 8000930705,spam,spam,spam,spam,spam,spam,spam,1.0
"Do you know why god created gap between your fingers..? So that, One who is made for you comes &amp; fills those gaps by holding your hand with LOVE..!",not spam,spam,spam,spam,not spam,not spam,spam,0.6
what are your new years plans?,not spam,not spam,not spam,not spam,not spam,not spam,not spam,0.0
RECPT 1/3. You have ordered a Ringtone. Your order is being processed...,spam,spam,spam,spam,spam,spam,spam,1.0
Baaaaaaaabe! Wake up ! I miss you ! I crave you! I need you!,not spam,spam,spam,spam,spam,not spam,spam,0.8
Dear :-/ why you mood off. I cant drive so i brother to drive,not spam,not spam,not spam,not spam,not spam,not spam,not spam,0.0
When did dad get back.,not spam,not spam,not spam,not spam,not spam,not spam,not spam,0.0
"Can you tell Shola to please go to college of medicine and visit the academic department, tell the academic secretary what the current situation is and ask if she can transfer there. She should ask someone to check Sagamu for the same thing and lautech. Its vital she completes her medical education in Nigeria. Its less expensive much less expensive. Unless she will be getting citizen rates in new zealand.",not spam,spam,spam,spam,spam,not spam,spam,0.8
Many times we lose our best ones bcoz we are ,not spam,not spam,not spam,not spam,not spam,not spam,not spam,0.0
As one of our registered subscribers u can enter the draw 4 a 100 G.B. gift voucher by replying with ENTER. To unsubscribe text STOP,spam,spam,spam,spam,spam,spam,spam,1.0
Take care and sleep well.you need to learn to change in life.you only need to get CONVINCED on that.i will wait but no more conversations between us.GET CONVINCED by that time.Your family is over for you in many senses.respect them but not overemphasise.or u have no role in my life.,not spam,spam,spam,spam,spam,not spam,spam,0.8
"For your chance to WIN a FREE Bluetooth Headset then simply reply back with \ADP\""""",spam,spam,spam,spam,spam,spam,spam,1.0
If i said anything wrong sorry de:-),not spam,not spam,not spam,not spam,not spam,not spam,not spam,0.0
V skint too but fancied few bevies.waz gona go meet &othrs in spoon but jst bin watchng planet earth&sofa is v comfey; If i dont make it hav gd night,not spam,not spam,not spam,not spam,not spam,not spam,not spam,0.0
" says that he's quitting at least5times a day so i wudn't take much notice of that. Nah, she didn't mind. Are you gonna see him again? Do you want to come to taunton tonight? U can tell me all about !",not spam,not spam,not spam,not spam,not spam,not spam,not spam,0.0
Still at west coast... Haiz... ÌÏ'll take forever to come back...,not spam,not spam,not spam,not spam,not spam,not spam,not spam,0.0
Was it something u ate?,not spam,not spam,not spam,not spam,not spam,not spam,not spam,0.0
So what did the bank say about the money?,not spam,not spam,not spam,not spam,not spam,not spam,not spam,0.0
Aiyar dun disturb u liao... Thk u have lots 2 do aft ur cupboard come...,not spam,spam,spam,not spam,spam,not spam,spam,0.6
Hey they r not watching movie tonight so i'll prob b home early...,not spam,not spam,not spam,not spam,not spam,not spam,not spam,0.0
Yar lor... How u noe? U used dat route too?,not spam,not spam,not spam,not spam,not spam,not spam,not spam,0.0
Don't b floppy... b snappy & happy! Only gay chat service with photo upload call 08718730666 (10p/min). 2 stop our texts call 08712460324,spam,spam,spam,spam,spam,spam,spam,1.0
"House-Maid is the murderer, coz the man was murdered on  &lt;#&gt; th January.. As public holiday all govt.instituitions are closed,including post office..understand?",not spam,spam,not spam,spam,spam,not spam,spam,0.6
How come u got nothing to do?,not spam,not spam,not spam,not spam,not spam,not spam,not spam,0.0
I've got it down to a tea. not sure which flavour,not spam,not spam,not spam,not spam,not spam,not spam,not spam,0.0
COME BACK TO TAMPA FFFFUUUUUUU,not spam,spam,spam,spam,spam,spam,spam,1.0
Merry christmas to u too annie!,not spam,not spam,not spam,not spam,not spam,not spam,not spam,0.0
I sent them. Do you like?,not spam,not spam,not spam,not spam,not spam,not spam,not spam,0.0
"Urgent UR awarded a complimentary trip to EuroDisinc Trav, Aco&Entry41 Or å£1000. To claim txt DIS to 87121 18+6*å£1.50(moreFrmMob. ShrAcomOrSglSuplt)10, LS1 3AJ",spam,spam,spam,spam,spam,spam,spam,1.0
"Awesome, be there in a minute",not spam,not spam,not spam,not spam,not spam,not spam,not spam,0.0
"And that is the problem. You walk around in \julianaland\"" oblivious to what is going on around you. I say the same things constantly and they go in one ear and out the other while you go off doing whatever you want to do. It's not that you don't know why I'm upset--it's that you don't listen when i tell you WHAT is going to upset me. Then you want to be surprised when I'm mad.""",not spam,not spam,not spam,not spam,not spam,not spam,not spam,0.0
Or I guess  &lt;#&gt;  min,not spam,not spam,not spam,spam,not spam,not spam,not spam,0.2
Aight should I just plan to come up later tonight?,not spam,not spam,not spam,not spam,not spam,not spam,not spam,0.0
"Welcome to UK-mobile-date this msg is FREE giving you free calling to 08719839835. Future mgs billed at 150p daily. To cancel send \go stop\"" to 89123""",spam,spam,spam,spam,spam,spam,spam,1.0
This is wishing you a great day. Moji told me about your offer and as always i was speechless. You offer so easily to go to great lengths on my behalf and its stunning. My exam is next friday. After that i will keep in touch more. Sorry.,not spam,not spam,not spam,not spam,not spam,not spam,not spam,0.0
"\CHEERS FOR CALLIN BABE.SOZI CULDNT TALKBUT I WANNATELL U DETAILS LATER WENWECAN CHAT PROPERLY X\""""",not spam,spam,spam,spam,spam,spam,spam,1.0
Wa... U so efficient... Gee... Thanx...,not spam,spam,not spam,not spam,not spam,not spam,not spam,0.2
3. You have received your mobile content. Enjoy,spam,spam,not spam,spam,not spam,spam,spam,0.6
Want explicit SEX in 30 secs? Ring 02073162414 now! Costs 20p/min,spam,spam,spam,spam,spam,spam,spam,1.0
I anything lor.,not spam,not spam,not spam,not spam,not spam,not spam,not spam,0.0
"Y cant u try new invention to fly..i'm not joking.,",not spam,not spam,spam,spam,spam,not spam,spam,0.6
"What do u reckon as need 2 arrange transport if u can't do it, thanks",not spam,not spam,spam,not spam,spam,not spam,not spam,0.4
What not under standing.,not spam,not spam,not spam,not spam,not spam,not spam,not spam,0.0
have * good weekend.,not spam,not spam,not spam,not spam,not spam,not spam,not spam,0.0
"LOL .. *grins* .. I'm not babe, but thanks for thinking of me!",not spam,not spam,not spam,not spam,not spam,not spam,not spam,0.0
"Latest Nokia Mobile or iPOD MP3 Player +å£400 proze GUARANTEED! Reply with: WIN to 83355 now! Norcorp Ltd.å£1,50/Mtmsgrcvd18+",spam,spam,spam,spam,spam,spam,spam,1.0
"SMS SERVICES. for your inclusive text credits, pls goto www.comuk.net login= 3qxj9 unsubscribe with STOP, no extra charge. help 08702840625.COMUK. 220-CM2 9AE",spam,spam,spam,spam,spam,spam,spam,1.0
Nvm take ur time.,not spam,not spam,not spam,not spam,not spam,not spam,not spam,0.0
Stupid.its not possible,not spam,not spam,not spam,not spam,not spam,not spam,not spam,0.0
Mobile Club: Choose any of the top quality items for your mobile. 7cfca1a,spam,spam,spam,spam,spam,spam,spam,1.0
"Sorry I missed you babe. I was up late and slept in. I hope you enjoy your driving lesson, boytoy. I miss you too ... *teasing kiss*",not spam,not spam,spam,spam,spam,not spam,spam,0.6
Money i have won wining number 946 wot do i do next,spam,spam,spam,spam,spam,spam,spam,1.0
"Sure, whenever you show the fuck up &gt;:(",not spam,not spam,spam,not spam,spam,not spam,not spam,0.4
"Congrats! 2 mobile 3G Videophones R yours. call 09061744553 now! videochat wid ur mates, play java games, Dload polyH music, noline rentl. bx420. ip4. 5we. 150pm",spam,spam,spam,spam,spam,spam,spam,1.0
DO U WANT 2 MEET UP 2MORRO,not spam,spam,spam,not spam,spam,spam,spam,0.8
I've sent Ì_ my part..,not spam,not spam,not spam,not spam,not spam,not spam,not spam,0.0
"I want some cock! My hubby's away, I need a real man 2 satisfy me. Txt WIFE to 89938 for no strings action. (Txt STOP 2 end, txt rec å£1.50ea. OTBox 731 LA1 7WS. )",spam,spam,spam,spam,spam,spam,spam,1.0
Understand. his loss is my gain :) so do you work? School?,not spam,not spam,not spam,not spam,not spam,not spam,not spam,0.0
"Hiya, probably coming home * weekend after next",not spam,not spam,not spam,not spam,not spam,not spam,not spam,0.0
I wish things were different. I wonder when i will be able to show you how much i value you. Pls continue the brisk walks no drugs without askin me please and find things to laugh about. I love you dearly.,not spam,not spam,not spam,not spam,not spam,not spam,not spam,0.0
Gr8 new service - live sex video chat on your mob - see the sexiest dirtiest girls live on ur phone - 4 details text horny to 89070 to cancel send STOP to 89070,spam,spam,spam,spam,spam,spam,spam,1.0
Never blame a day in ur life. Good days give u happiness. Bad days give u experience. Both are essential in life! All are Gods blessings! good morning.:,not spam,not spam,not spam,not spam,not spam,not spam,not spam,0.0
FreeMsg Hi baby wow just got a new cam moby. Wanna C a hot pic? or Fancy a chat?Im w8in 4uTxt / rply CHAT to 82242 Hlp 08712317606 Msg150p 2rcv,spam,spam,spam,spam,spam,spam,spam,1.0
Never y lei... I v lazy... Got wat? Dat day Ì_ send me da url cant work one...,not spam,spam,spam,spam,spam,not spam,spam,0.8
"\SYMPTOMS\"" when U are in love: \""1.U like listening songs 2.U get stopped where u see the name of your beloved 3.U won't get angry when your""",not spam,not spam,spam,spam,spam,not spam,spam,0.6
Sun ah... Thk mayb can if dun have anythin on... Thk have to book e lesson... E pilates is at orchard mrt u noe hor...  ,not spam,not spam,spam,not spam,not spam,not spam,not spam,0.2
Try to do something dear. You read something for exams,not spam,not spam,not spam,not spam,not spam,not spam,not spam,0.0
"7 wonders in My WORLD 7th You 6th Ur style 5th Ur smile 4th Ur Personality 3rd Ur Nature 2nd Ur SMS and 1st \Ur Lovely Friendship\""... good morning dear""",not spam,spam,spam,spam,spam,not spam,spam,0.8
PISS IS TALKING IS SOMEONE THAT REALISE U THAT POINT THIS AT IS IT.(NOW READ IT BACKWARDS),not spam,spam,not spam,spam,spam,not spam,spam,0.6
Good afternoon my boytoy. How goes that walking here and there day ? Did you get that police abstract? Are you still out and about? I wake and miss you babe,not spam,not spam,spam,spam,spam,not spam,spam,0.6
"Come around  &lt;DECIMAL&gt; pm vikky..i'm otside nw, il come by tht time",not spam,not spam,spam,spam,not spam,not spam,not spam,0.4
Tell me again what your address is,not spam,not spam,not spam,not spam,not spam,not spam,not spam,0.0
But you were together so you should be thinkin about him,not spam,not spam,not spam,not spam,not spam,not spam,not spam,0.0
hiya hows it going in sunny africa? hope u r avin a good time. give that big old silver back a big kiss from me.,not spam,not spam,not spam,not spam,not spam,not spam,not spam,0.0
At WHAT TIME should i come tomorrow,not spam,not spam,not spam,not spam,not spam,not spam,not spam,0.0
Wanna have a laugh? Try CHIT-CHAT on your mobile now! Logon by txting the word: CHAT and send it to No: 8883 CM PO Box 4217 London W1A 6ZF 16+ 118p/msg rcvd,spam,spam,spam,spam,spam,spam,spam,1.0
\CHA QUITEAMUZING THATåÕSCOOL BABE,not spam,spam,not spam,spam,spam,spam,spam,0.8
"\URGENT! This is the 2nd attempt to contact U!U have WON å£1000CALL 09071512432 b4 300603t&csBCM4235WC1N3XX.callcost150ppmmobilesvary. maxå£7. 50\""""",spam,spam,spam,spam,spam,spam,spam,1.0
Congratulations ur awarded 500 of CD vouchers or 125gift guaranteed & Free entry 2 100 wkly draw txt MUSIC to 87066,spam,spam,spam,spam,spam,spam,spam,1.0
"Had your contract mobile 11 Mnths? Latest Motorola, Nokia etc. all FREE! Double Mins & Text on Orange tariffs. TEXT YES for callback, no to remove from records",spam,spam,spam,spam,spam,spam,spam,1.0
"Urgent! call 09066350750 from your landline. Your complimentary 4* Ibiza Holiday or 10,000 cash await collection SAE T&Cs PO BOX 434 SK3 8WP 150 ppm 18+",spam,spam,spam,spam,spam,spam,spam,1.0
No plans yet. What are you doing ?,not spam,not spam,not spam,not spam,not spam,not spam,not spam,0.0
"For ur chance to win a å£250 wkly shopping spree TXT: SHOP to 80878. T's&C's www.txt-2-shop.com custcare 08715705022, 1x150p/wk",spam,spam,spam,spam,spam,spam,spam,1.0
U have a Secret Admirer who is looking 2 make contact with U-find out who they R*reveal who thinks UR so special-call on 09065171142-stopsms-08718727870150ppm,spam,spam,spam,spam,spam,spam,spam,1.0
"Mila, age23, blonde, new in UK. I look sex with UK guys. if u like fun with me. Text MTALK to 69866.18 . 30pp/txt 1st 5free. å£1.50 increments. Help08718728876",spam,spam,spam,spam,spam,spam,spam,1.0
I wanted to wish you a Happy New Year and I wanted to talk to you about some legal advice to do with when Gary and I split but in person. I'll make a trip to Ptbo for that. I hope everything is good with you babe and I love ya :),not spam,not spam,not spam,not spam,not spam,not spam,not spam,0.0
Well done ENGLAND! Get the official poly ringtone or colour flag on yer mobile! text TONE or FLAG to 84199 NOW! Opt-out txt ENG STOP. Box39822 W111WX å£1.50,spam,spam,spam,spam,spam,spam,spam,1.0
I had a good time too. Its nice to do something a bit different with my weekends for a change. See ya soon,not spam,not spam,not spam,not spam,not spam,not spam,not spam,0.0
"Carlos is down but I have to pick it up from him, so I'll swing by usf in a little bit",not spam,not spam,not spam,not spam,not spam,not spam,not spam,0.0
FreeMsg: Txt: CALL to No: 86888 & claim your reward of 3 hours talk time to use from your phone now! Subscribe6GBP/mnth inc 3hrs 16 stop?txtStop,spam,spam,spam,spam,spam,spam,spam,1.0
And I don't plan on staying the night but I prolly won't be back til late,not spam,not spam,not spam,not spam,not spam,not spam,not spam,0.0
"I need an 8th but I'm off campus atm, could I pick up in an hour or two?",not spam,not spam,not spam,not spam,not spam,not spam,not spam,0.0
Wat time Ì_ finish?,not spam,not spam,not spam,not spam,not spam,not spam,not spam,0.0
Sorry da. I gone mad so many pending works what to do.,not spam,not spam,not spam,not spam,not spam,not spam,not spam,0.0
hows my favourite person today? r u workin hard? couldn't sleep again last nite nearly rang u at 4.30,not spam,not spam,spam,not spam,not spam,not spam,not spam,0.2
Sunshine Quiz! Win a super Sony DVD recorder if you canname the capital of Australia? Text MQUIZ to 82277. B,spam,spam,spam,spam,spam,spam,spam,1.0
Good. do you think you could send me some pix? I would love to see your top and bottom...,not spam,spam,not spam,spam,spam,spam,spam,0.8
They finally came to fix the ceiling.,not spam,not spam,not spam,not spam,not spam,not spam,not spam,0.0
"U need my presnts always bcz U cant mis love. \jeevithathile irulinae neekunna prakasamanu sneham\"" prakasam ennal prabha 'That mns prabha is'LOVE' Got it. Dont mis me....""",not spam,spam,spam,spam,spam,not spam,spam,0.8
Jus finish blowing my hair. U finish dinner already?,not spam,not spam,not spam,not spam,not spam,not spam,not spam,0.0
I'm on the bus. Love you,not spam,not spam,not spam,not spam,not spam,not spam,not spam,0.0
Lol ... I knew that .... I saw him in the dollar store,not spam,not spam,not spam,not spam,not spam,not spam,not spam,0.0
Please call our customer service representative on 0800 169 6031 between 10am-9pm as you have WON a guaranteed å£1000 cash or å£5000 prize!,spam,spam,spam,spam,spam,spam,spam,1.0
Todays Voda numbers ending with 7634 are selected to receive a å£350 reward. If you have a match please call 08712300220 quoting claim code 7684 standard rates apply.,spam,spam,spam,spam,spam,spam,spam,1.0
Only saturday and sunday holiday so its very difficult:),not spam,not spam,not spam,not spam,not spam,not spam,not spam,0.0
"I'm in a meeting, call me later at",not spam,not spam,not spam,not spam,not spam,not spam,not spam,0.0
Oh wow thats gay. Will firmware update help,not spam,not spam,spam,not spam,spam,not spam,not spam,0.4
These won't do. Have to move on to morphine,not spam,not spam,spam,not spam,not spam,not spam,not spam,0.2
Do you hide anythiing or keeping distance from me,not spam,not spam,not spam,not spam,not spam,not spam,not spam,0.0
You are being ripped off! Get your mobile content from www.clubmoby.com call 08717509990 poly/true/Pix/Ringtones/Games six downloads for only 3,spam,spam,spam,spam,spam,spam,spam,1.0
Sorry i din lock my keypad.,not spam,not spam,not spam,not spam,not spam,not spam,not spam,0.0
Did u got that persons story,not spam,not spam,not spam,not spam,spam,not spam,not spam,0.2
We tried to contact you re your reply to our offer of a Video Phone 750 anytime any network mins Half Price Line Rental Camcorder Reply or call 08000930705,spam,spam,spam,spam,spam,spam,spam,1.0
A å£400 XMAS REWARD IS WAITING FOR YOU! Our computer has randomly picked you from our loyal mobile customers to receive a å£400 reward. Just call 09066380611 ,spam,spam,spam,spam,spam,spam,spam,1.0
Where r e meeting tmr?,not spam,not spam,not spam,not spam,not spam,not spam,not spam,0.0
Our Prasanth ettans mother passed away last night. Just pray for her and family.,not spam,not spam,not spam,not spam,not spam,not spam,not spam,0.0
PRIVATE! Your 2003 Account Statement for shows 800 un-redeemed S. I. M. points. Call 08718738002 Identifier Code: 48922 Expires 21/11/04,spam,spam,spam,spam,spam,spam,spam,1.0
You call him and tell now infront of them. Call him now.,not spam,spam,spam,spam,spam,not spam,spam,0.8
Ok no prob...,not spam,not spam,not spam,not spam,not spam,not spam,not spam,0.0
No. Yes please. Been swimming?,not spam,not spam,not spam,not spam,not spam,not spam,not spam,0.0
Mum not going robinson already.,not spam,not spam,not spam,not spam,not spam,not spam,not spam,0.0
Not..tel software name..,not spam,spam,not spam,spam,spam,spam,spam,0.8
"Probably not, I'm almost out of gas and I get some cash tomorrow",not spam,not spam,not spam,not spam,not spam,not spam,not spam,0.0
"Customer service announcement. We recently tried to make a delivery to you but were unable to do so, please call 07099833605 to re-schedule. Ref:9280114",spam,spam,not spam,spam,spam,spam,spam,0.8
I'm leaving my house now.,not spam,not spam,not spam,not spam,not spam,not spam,not spam,0.0
"Hi babe its Chloe, how r u? I was smashed on saturday night, it was great! How was your weekend? U been missing me? SP visionsms.com Text stop to stop 150p/text",spam,spam,spam,spam,spam,spam,spam,1.0
ÌÏ ready then call me...,not spam,spam,not spam,not spam,not spam,not spam,not spam,0.2
It is a good thing I'm now getting the connection to bw,not spam,not spam,not spam,not spam,not spam,not spam,not spam,0.0
"Haha yeah, 2 oz is kind of a shitload",not spam,not spam,not spam,not spam,not spam,not spam,not spam,0.0
Ok u can take me shopping when u get paid =D,not spam,not spam,spam,not spam,not spam,not spam,not spam,0.2
"Alright we'll bring it to you, see you in like  &lt;#&gt;  mins",not spam,not spam,spam,not spam,not spam,not spam,not spam,0.2
But pls dont play in others life.,not spam,not spam,not spam,not spam,not spam,not spam,not spam,0.0
Eatin my lunch...,not spam,not spam,not spam,not spam,not spam,not spam,not spam,0.0
Ok no prob,not spam,not spam,not spam,not spam,not spam,not spam,not spam,0.0
"By march ending, i should be ready. But will call you for sure. The problem is that my capital never complete. How far with you. How's work and the ladies",not spam,not spam,not spam,not spam,not spam,not spam,not spam,0.0
Pls give her the food preferably pap very slowly with loads of sugar. You can take up to an hour to give it. And then some water. Very very slowly.,not spam,not spam,spam,spam,not spam,not spam,not spam,0.4
"URGENT! Your Mobile No 07808726822 was awarded a å£2,000 Bonus Caller Prize on 02/09/03! This is our 2nd attempt to contact YOU! Call 0871-872-9758 BOX95QU",spam,spam,spam,spam,spam,spam,spam,1.0
A guy who gets used but is too dumb to realize it.,not spam,not spam,not spam,not spam,not spam,not spam,not spam,0.0
"WIN: We have a winner! Mr. T. Foley won an iPod! More exciting prizes soon, so keep an eye on ur mobile or visit www.win-82050.co.uk",spam,spam,spam,spam,spam,spam,spam,1.0
I liked the new mobile,not spam,not spam,not spam,not spam,not spam,not spam,not spam,0.0
Mmmmmmm *snuggles into you* ...*deep contented sigh* ... *whispers* ... I fucking love you so much I can barely stand it ...,not spam,not spam,spam,spam,not spam,not spam,not spam,0.4
"Did you say bold, then torch later. Or one torch and 2bold?",not spam,not spam,not spam,not spam,not spam,not spam,not spam,0.0
Big brotherÛ÷s really scraped the barrel with this shower of social misfits,not spam,not spam,not spam,spam,not spam,not spam,not spam,0.2
Forgot to tell Ì_ smth.. Can Ì_ like number the sections so that it's clearer..,not spam,not spam,not spam,not spam,not spam,not spam,not spam,0.0
"I'm home, my love ... If your still awake ... *loving kiss*",not spam,not spam,not spam,not spam,not spam,not spam,not spam,0.0
"FREE GAME. Get Rayman Golf 4 FREE from the O2 Games Arcade. 1st get UR games settings. Reply POST, then save & activ8. Press 0 key for Arcade. Termsapply",spam,spam,spam,spam,spam,spam,spam,1.0
"There'll be a minor shindig at my place later tonight, you interested?",not spam,not spam,not spam,not spam,not spam,not spam,not spam,0.0
Jason says it's cool if we pick some up from his place in like an hour,not spam,not spam,not spam,not spam,not spam,not spam,not spam,0.0
"Had your mobile 10 mths? Update to the latest Camera/Video phones for FREE. KEEP UR SAME NUMBER, Get extra free mins/texts. Text YES for a call",spam,spam,spam,spam,spam,spam,spam,1.0
Wat time r Ì_ going to xin's hostel?,not spam,not spam,not spam,not spam,not spam,not spam,not spam,0.0
Buy Space Invaders 4 a chance 2 win orig Arcade Game console. Press 0 for Games Arcade (std WAP charge) See o2.co.uk/games 4 Terms + settings. No purchase,spam,spam,spam,spam,spam,spam,spam,1.0
"Not for possession, especially not first offense",not spam,not spam,not spam,not spam,not spam,not spam,not spam,0.0
I bought the test yesterday. Its something that lets you know the exact day u ovulate.when will get 2u in about 2 to 3wks. But pls pls dont fret. I know u r worried. Pls relax. Also is there anything in ur past history u need to tell me?,not spam,spam,spam,not spam,not spam,not spam,not spam,0.4
We have pizza if u want,not spam,not spam,not spam,not spam,not spam,not spam,not spam,0.0
Many more happy returns of the day. I wish you happy birthday.,not spam,not spam,not spam,not spam,not spam,not spam,not spam,0.0
Ya very nice. . .be ready on thursday,not spam,not spam,not spam,not spam,not spam,not spam,not spam,0.0
I am in hospital da. . I will return home in evening,not spam,not spam,not spam,not spam,not spam,not spam,not spam,0.0
Camera - You are awarded a SiPix Digital Camera! call 09061221066 fromm landline. Delivery within 28 days.,spam,spam,spam,spam,spam,spam,spam,1.0
"When you just put in the + sign, choose my number and the pin will show. Right?",not spam,spam,spam,spam,spam,spam,spam,1.0
The beauty of life is in next second.. which hides thousands of secrets. I wish every second will be wonderful in ur life...!! gud n8,not spam,not spam,spam,not spam,not spam,not spam,not spam,0.2
"If you're still up, maybe leave the credit card so I can get gas when I get back like he told me to",not spam,spam,spam,not spam,not spam,not spam,not spam,0.4
Your weekly Cool-Mob tones are ready to download !This weeks new Tones include: 1) Crazy Frog-AXEL F>>> 2) Akon-Lonely>>> 3) Black Eyed-Dont P >>>More info in n,spam,spam,spam,spam,spam,spam,spam,1.0
Well boy am I glad G wasted all night at applebees for nothing,not spam,not spam,spam,not spam,not spam,not spam,not spam,0.2
Cashbin.co.uk (Get lots of cash this weekend!) www.cashbin.co.uk Dear Welcome to the weekend We have got our biggest and best EVER cash give away!! These..,spam,spam,spam,spam,spam,spam,spam,1.0
"hey, looks like I was wrong and one of the kappa guys numbers is still on my phone, if you want I can text him and see if he's around",not spam,not spam,not spam,not spam,not spam,not spam,not spam,0.0
URGENT! Your Mobile number has been awarded with a å£2000 prize GUARANTEED. Call 09061790121 from land line. Claim 3030. Valid 12hrs only 150ppm,spam,spam,spam,spam,spam,spam,spam,1.0
Thanks 4 your continued support Your question this week will enter u in2 our draw 4 å£100 cash. Name the NEW US President? txt ans to 80082,spam,spam,spam,spam,spam,spam,spam,1.0
Prepare to be pleasured :),not spam,spam,spam,spam,spam,spam,spam,1.0
Whens your radio show?,not spam,not spam,not spam,not spam,not spam,not spam,not spam,0.0
Your unique user ID is 1172. For removal send STOP to 87239 customer services 08708034412,spam,spam,spam,spam,spam,spam,spam,1.0
I'm not sure if its still available though,not spam,not spam,not spam,not spam,not spam,not spam,not spam,0.0
watever reLation u built up in dis world only thing which remains atlast iz lonlines with lotz n lot memories! feeling..,not spam,not spam,**spam**,not spam,not spam,not spam,not spam,0.0
Ok then u tell me wat time u coming later lor.,not spam,not spam,spam,not spam,not spam,not spam,not spam,0.2
Sen told that he is going to join his uncle finance in cbe,not spam,not spam,not spam,not spam,not spam,not spam,not spam,0.0
"Call me, i am senthil from hsbc.",not spam,not spam,not spam,not spam,not spam,not spam,not spam,0.0
"Urgent -call 09066649731from Landline. Your complimentary 4* Ibiza Holiday or å£10,000 cash await collection SAE T&Cs PO BOX 434 SK3 8WP 150ppm 18+",spam,spam,spam,spam,spam,spam,spam,1.0
Holy living christ what is taking you so long,not spam,not spam,not spam,not spam,not spam,not spam,not spam,0.0
"Thanx. Yup we coming back on sun. Finish dinner going back 2 hotel now. Time flies, we're tog 4 exactly a mth today. Hope we'll haf many more mths to come...",not spam,not spam,not spam,not spam,not spam,not spam,not spam,0.0
We're on the opposite side from where we dropped you off,not spam,not spam,not spam,not spam,not spam,not spam,not spam,0.0
Yup. Izzit still raining heavily cos i'm in e mrt i can't c outside.,not spam,not spam,not spam,not spam,not spam,not spam,not spam,0.0
URGENT This is our 2nd attempt to contact U. Your å£900 prize from YESTERDAY is still awaiting collection. To claim CALL NOW 09061702893,spam,spam,spam,spam,spam,spam,spam,1.0
Santa calling! Would your little ones like a call from Santa Xmas Eve? Call 09077818151 to book you time. Calls1.50ppm last 3mins 30s T&C www.santacalling.com,spam,spam,spam,spam,spam,spam,spam,1.0
I dont know why she.s not getting your messages,not spam,not spam,not spam,not spam,not spam,not spam,not spam,0.0
How do you plan to manage that,not spam,not spam,not spam,not spam,not spam,not spam,not spam,0.0
"Er, hello, things didnÛ÷t quite go to plan ÛÒ is limping slowly home followed by aa and with exhaust hanging off",not spam,not spam,not spam,not spam,not spam,not spam,not spam,0.0
Sorry for the delay. Yes masters,not spam,not spam,not spam,spam,not spam,not spam,not spam,0.2
PRIVATE! Your 2004 Account Statement for 078498****7 shows 786 unredeemed Bonus Points. To claim call 08719180219 Identifier Code: 45239 Expires 06.05.05,spam,spam,spam,spam,spam,spam,spam,1.0
What's up my own oga. Left my phone at home and just saw ur messages. Hope you are good. Have a great weekend.,not spam,not spam,not spam,not spam,not spam,not spam,not spam,0.0
E admin building there? I might b slightly earlier... I'll call u when i'm reaching...,not spam,not spam,not spam,not spam,not spam,not spam,not spam,0.0
Anything is valuable in only 2 situations: First- Before getting it... Second- After loosing it...,not spam,spam,not spam,not spam,not spam,not spam,not spam,0.2
Got smaller capacity one? Quite ex...,not spam,not spam,not spam,not spam,spam,not spam,not spam,0.2
Check Out Choose Your Babe Videos @ sms.shsex.netUN fgkslpoPW fgkslpo,spam,spam,spam,spam,spam,spam,spam,1.0
u r a winner U ave been specially selected 2 receive å£1000 cash or a 4* holiday (flights inc) speak to a live operator 2 claim 0871277810710p/min (18 ),spam,spam,spam,spam,spam,spam,spam,1.0
:-) :-),not spam,not spam,not spam,not spam,not spam,not spam,not spam,0.0
"New Mobiles from 2004, MUST GO! Txt: NOKIA to No: 89545 & collect yours today! From ONLY å£1. www.4-tc.biz 2optout 087187262701.50gbp/mtmsg18 TXTAUCTION.",spam,spam,spam,spam,spam,spam,spam,1.0
"OH RITE. WELL IM WITH MY BEST MATE PETE, WHO I WENT OUT WITH 4 A WEEK+ NOW WERE 2GEVA AGAIN. ITS BEEN LONGER THAN A WEEK.",not spam,spam,not spam,not spam,not spam,not spam,not spam,0.2
Yay can't wait to party together!,not spam,not spam,not spam,not spam,not spam,not spam,not spam,0.0
....photoshop makes my computer shut down.,not spam,not spam,not spam,spam,not spam,not spam,not spam,0.2
All boys made fun of me today. Ok i have no problem. I just sent one message just for fun,not spam,not spam,not spam,not spam,not spam,not spam,not spam,0.0
PRIVATE! Your 2003 Account Statement for shows 800 un-redeemed S. I. M. points. Call 08715203652 Identifier Code: 42810 Expires 29/10/0,spam,spam,spam,spam,spam,spam,spam,1.0
YOU HAVE WON! As a valued Vodafone customer our computer has picked YOU to win a å£150 prize. To collect is easy. Just call 09061743386 ,spam,spam,spam,spam,spam,spam,spam,1.0
I am in escape theatre now. . Going to watch KAVALAN in a few minutes,not spam,not spam,not spam,not spam,not spam,not spam,not spam,0.0
S.this will increase the chance of winning.,not spam,spam,spam,spam,spam,spam,spam,1.0
either way works for me. I am  &lt;#&gt;  years old. Hope that doesnt bother you.,not spam,not spam,not spam,not spam,not spam,not spam,not spam,0.0
Gain the rights of a wife.dont demand it.i am trying as husband too.Lets see,not spam,spam,spam,not spam,not spam,not spam,not spam,0.4
"Also north carolina and texas atm, you would just go to the gre site and pay for the test results to be sent.",not spam,spam,spam,spam,not spam,not spam,spam,0.6
Thanks  and ! Or bomb and date as my phone wanted to say! ,not spam,not spam,not spam,spam,spam,not spam,not spam,0.4
"Hey, a guy I know is breathing down my neck to get him some bud, anyway you'd be able to get a half track to usf tonight?",not spam,spam,spam,spam,spam,spam,spam,1.0
"\Response\"" is one of d powerful weapon 2 occupy a place in others 'HEART'... So",not spam,spam,spam,spam,spam,spam,spam,1.0
Nokia phone is lovly..,not spam,not spam,not spam,not spam,not spam,not spam,not spam,0.0
**FREE MESSAGE**Thanks for using the Auction Subscription Service. 18 . 150p/MSGRCVD 2 Skip an Auction txt OUT. 2 Unsubscribe txt STOP CustomerCare 08718726270,spam,spam,spam,spam,spam,spam,spam,1.0
Bored housewives! Chat n date now! 0871750.77.11! BT-national rate 10p/min only from landlines!,spam,spam,spam,spam,spam,spam,spam,1.0
I'm really sorry I lit your hair on fire,not spam,not spam,not spam,not spam,not spam,not spam,not spam,0.0
1. Tension face 2. Smiling face 3. Waste face 4. Innocent face 5.Terror face 6.Cruel face 7.Romantic face 8.Lovable face 9.decent face  &lt;#&gt; .joker face.,not spam,spam,not spam,spam,not spam,not spam,not spam,0.4
Well. You know what i mean. Texting,not spam,not spam,not spam,not spam,not spam,not spam,not spam,0.0
Hi dis is yijue i would be happy to work wif Ì_ all for gek1510...,not spam,spam,spam,spam,spam,not spam,spam,0.8
lyricalladie(21/F) is inviting you to be her friend. Reply YES-910 or NO-910. See her: www.SMS.ac/u/hmmross STOP? Send STOP FRND to 62468,spam,spam,spam,spam,spam,spam,spam,1.0
No 1 POLYPHONIC tone 4 ur mob every week! Just txt PT2 to 87575. 1st Tone FREE ! so get txtin now and tell ur friends. 150p/tone. 16 reply HL 4info,spam,spam,spam,spam,spam,spam,spam,1.0
Yeah just open chat and click friend lists. Then make the list. Easy as pie,not spam,not spam,not spam,spam,not spam,not spam,not spam,0.2
alright tyler's got a minor crisis and has to be home sooner than he thought so be here asap,not spam,not spam,not spam,not spam,not spam,not spam,not spam,0.0
For many things its an antibiotic and it can be used for chest abdomen and gynae infections even bone infections.,not spam,not spam,not spam,spam,not spam,not spam,not spam,0.2
Poor girl can't go one day lmao,not spam,not spam,not spam,not spam,not spam,not spam,not spam,0.0
Or just do that 6times,not spam,not spam,not spam,not spam,not spam,not spam,not spam,0.0
Todays Vodafone numbers ending with 4882 are selected to a receive a å£350 award. If your number matches call 09064019014 to receive your å£350 award.,spam,spam,spam,spam,spam,spam,spam,1.0
You have to pls make a note of all she.s exposed to. Also find out from her school if anyone else was vomiting. Is there a dog or cat in the house? Let me know later.,not spam,not spam,spam,not spam,not spam,not spam,not spam,0.2
"Japanese Proverb: If one Can do it, U too Can do it, If none Can do it,U must do it Indian version: If one Can do it, LET HIM DO it.. If none Can do it,LEAVE it!! And finally Kerala version: If one can do it, Stop him doing it.. If none can do it, Make a strike against it ...",not spam,spam,not spam,spam,not spam,not spam,not spam,0.4
Sounds like there could be a lot of time spent in that chastity device boy ... *grins* ... Or take your beatings like a good dog. Going to lounge in a nice long bath now ?,not spam,spam,spam,spam,spam,spam,spam,1.0
Its worse if if uses half way then stops. Its better for him to complete it.,not spam,not spam,spam,not spam,not spam,not spam,not spam,0.2
Miserable. They don't tell u that the side effects of birth control are massive gut wrenching cramps for the first 2 months. I didn't sleep at all last night.,not spam,not spam,not spam,not spam,not spam,not spam,not spam,0.0
Send me the new number,not spam,not spam,not spam,not spam,not spam,not spam,not spam,0.0
Want the latest Video handset? 750 anytime any network mins? Half price line rental? Reply or call 08000930705 for delivery tomorrow,spam,spam,spam,spam,spam,spam,spam,1.0
I cant pick the phone right now. Pls send a message,not spam,not spam,not spam,not spam,not spam,not spam,not spam,0.0
"ou are guaranteed the latest Nokia Phone, a 40GB iPod MP3 player or a å£500 prize! Txt word: COLLECT to No: 83355! IBHltd LdnW15H 150p/Mtmsgrcvd18",spam,spam,spam,spam,spam,spam,spam,1.0
Taka lor. Wat time u wan 2 come n look 4 us?,not spam,spam,not spam,not spam,not spam,not spam,not spam,0.2
* FREE* POLYPHONIC RINGTONE Text SUPER to 87131 to get your FREE POLY TONE of the week now! 16 SN PoBox202 NR31 7ZS subscription 450pw,spam,spam,spam,spam,spam,spam,spam,1.0
"no, i *didn't* mean to post it. I wrote it, and like so many other times i've ritten stuff to you, i let it sit there. it WAS what i was feeling at the time. I was angry. Before i left, i hit send, then stop. It wasn't there. I checked on my phone when i got to my car. It wasn't there. You said you didn't sleep, you were bored. So why wouldn't THAT be the time to clean, fold laundry, etc.? At least make the bed?",not spam,not spam,not spam,not spam,not spam,not spam,not spam,0.0
Warner Village 83118 C Colin Farrell in SWAT this wkend @Warner Village & get 1 free med. Popcorn!Just show msg+ticket@kiosk.Valid 4-7/12. C t&c @kiosk. Reply SONY 4 mre film offers,spam,spam,spam,spam,spam,spam,spam,1.0
Will you come online today night,not spam,not spam,not spam,not spam,not spam,not spam,not spam,0.0
Love that holiday Monday feeling even if I have to go to the dentists in an hour,not spam,not spam,not spam,not spam,not spam,not spam,not spam,0.0
"Goal! Arsenal 4 (Henry, 7 v Liverpool 2 Henry scores with a simple shot from 6 yards from a pass by Bergkamp to give Arsenal a 2 goal margin after 78 mins.",spam,not spam,not spam,spam,not spam,not spam,not spam,0.2
"Just dropped em off, omw back now",not spam,not spam,not spam,not spam,not spam,not spam,not spam,0.0
"This is the 2nd time we have tried 2 contact u. U have won the 750 Pound prize. 2 claim is easy, call 08712101358 NOW! Only 10p per min. BT-national-rate",spam,spam,spam,spam,spam,spam,spam,1.0
Sitting in mu waiting for everyone to get out of my suite so I can take a shower,not spam,not spam,not spam,not spam,not spam,not spam,not spam,0.0
Hi Dear Call me its urgnt. I don't know whats your problem. You don't want to work or if you have any other problem at least tell me. Wating for your reply.,not spam,spam,not spam,not spam,not spam,not spam,not spam,0.2
We can go 4 e normal pilates after our intro...  ,not spam,not spam,not spam,not spam,not spam,not spam,not spam,0.0
"Oh yes, why is it like torture watching england?",not spam,not spam,not spam,not spam,not spam,not spam,not spam,0.0
Wanna do some art?! :D,not spam,not spam,not spam,not spam,not spam,not spam,not spam,0.0
"Got what it takes 2 take part in the WRC Rally in Oz? U can with Lucozade Energy! Text RALLY LE to 61200 (25p), see packs or lucozade.co.uk/wrc & itcould be u!",spam,spam,spam,spam,spam,spam,spam,1.0
"Hi, the SEXYCHAT girls are waiting for you to text them. Text now for a great night chatting. send STOP to stop this service",spam,spam,spam,spam,spam,spam,spam,1.0
"Good morning, my boytoy! How's those yummy lips ? Where's my sexy buns now ? What do you do ? Do you think of me ? Do you crave me ? Do you need me ?",not spam,spam,spam,spam,spam,spam,spam,1.0
Match started.india  &lt;#&gt;  for 2,not spam,spam,not spam,spam,not spam,not spam,not spam,0.4
Once free call me sir.,not spam,spam,spam,spam,spam,spam,spam,1.0
"Hey babe, how's it going ? Did you ever figure out where your going for New Years ?",not spam,not spam,not spam,not spam,not spam,not spam,not spam,0.0
No it was cancelled yeah baby! Well that sounds important so i understand my darlin give me a ring later on this fone love Kate x,not spam,not spam,spam,not spam,not spam,not spam,not spam,0.2
Check mail.i have mailed varma and kept copy to you regarding membership.take care.insha allah.,not spam,not spam,spam,not spam,not spam,not spam,not spam,0.2
"Anyway I don't think I can secure anything up here, lemme know if you want me to drive down south and chill",not spam,not spam,not spam,not spam,not spam,not spam,not spam,0.0
I'm already back home so no probably not,not spam,not spam,not spam,not spam,not spam,not spam,not spam,0.0
Great News! Call FREEFONE 08006344447 to claim your guaranteed å£1000 CASH or å£2000 gift. Speak to a live operator NOW!,spam,spam,spam,spam,spam,spam,spam,1.0
"Hi this is Amy, we will be sending you a free phone number in a couple of days, which will give you an access to all the adult parties...",spam,spam,spam,spam,spam,spam,spam,1.0
I am in bus on the way to calicut,not spam,not spam,not spam,not spam,not spam,not spam,not spam,0.0
"Welcome to Select, an O2 service with added benefits. You can now call our specially trained advisors FREE from your mobile by dialling 402.",spam,spam,spam,spam,not spam,spam,spam,0.8
I lost 4 pounds since my doc visit last week woot woot! Now I'm gonna celebrate by stuffing my face!,not spam,not spam,not spam,not spam,not spam,not spam,not spam,0.0
Doing my masters. When will you buy a bb cos i have for sale and how's bf,not spam,spam,spam,not spam,spam,not spam,spam,0.6
"Ahhhh...just woken up!had a bad dream about u tho,so i dont like u right now :) i didnt know anything about comedy night but i guess im up for it.",not spam,not spam,not spam,not spam,not spam,not spam,not spam,0.0
I'm vivek:)i got call from your number.,not spam,not spam,not spam,not spam,not spam,not spam,not spam,0.0
Yup ok...,not spam,not spam,not spam,not spam,not spam,not spam,not spam,0.0
Dear Voucher holder Have your next meal on us. Use the following link on your pc 2 enjoy a 2 4 1 dining experiencehttp://www.vouch4me.com/etlp/dining.asp,spam,spam,spam,spam,spam,spam,spam,1.0
URGENT! We are trying to contact U. Todays draw shows that you have won a å£2000 prize GUARANTEED. Call 09058094507 from land line. Claim 3030. Valid 12hrs only,spam,spam,spam,spam,spam,spam,spam,1.0
You can donate å£2.50 to UNICEF's Asian Tsunami disaster support fund by texting DONATE to 864233. å£2.50 will be added to your next bill,spam,spam,spam,spam,spam,spam,spam,1.0
Future is not what we planned for tomorrow.....! it is the result of what we do today...! Do the best in present... enjoy the future.,not spam,not spam,not spam,not spam,not spam,not spam,not spam,0.0
Hey come online! Use msn... We are all there,not spam,spam,spam,spam,spam,not spam,spam,0.8
I'm fine. Hope you are good. Do take care.,not spam,not spam,not spam,not spam,not spam,not spam,not spam,0.0
"A boy was late 2 home. His father: \POWER OF FRNDSHIP\""""",not spam,spam,spam,spam,not spam,not spam,spam,0.6
Spending new years with my brother and his family. Lets plan to meet next week. Are you ready to be spoiled? :),not spam,not spam,not spam,not spam,not spam,not spam,not spam,0.0
So what u doing today?,not spam,not spam,not spam,not spam,not spam,not spam,not spam,0.0
goldviking (29/M) is inviting you to be his friend. Reply YES-762 or NO-762 See him: www.SMS.ac/u/goldviking STOP? Send STOP FRND to 62468,spam,spam,spam,spam,spam,spam,spam,1.0
That's y u haf 2 keep me busy...,not spam,not spam,spam,spam,spam,spam,spam,0.8
So your telling me I coulda been your real Valentine and I wasn't? U never pick me for NOTHING!!,not spam,spam,spam,spam,not spam,not spam,spam,0.6
Phony å£350 award - Todays Voda numbers ending XXXX are selected to receive a å£350 award. If you have a match please call 08712300220 quoting claim code 3100 standard rates app,spam,spam,spam,spam,spam,spam,spam,1.0
"We made it! Eta at taunton is 12:30 as planned, hope thatÛ÷s still okday?! Good to see you! :-xx",not spam,not spam,not spam,not spam,not spam,not spam,not spam,0.0
My drive can only be read. I need to write,not spam,not spam,not spam,not spam,not spam,not spam,not spam,0.0
"Nope. Since ayo travelled, he has forgotten his guy",not spam,not spam,not spam,not spam,not spam,not spam,not spam,0.0
You still around? Looking to pick up later,not spam,not spam,not spam,not spam,not spam,not spam,not spam,0.0
CDs 4u: Congratulations ur awarded å£500 of CD gift vouchers or å£125 gift guaranteed & Freeentry 2 å£100 wkly draw xt MUSIC to 87066 TnCs www.ldew.com1win150ppmx3age16 ,spam,spam,spam,spam,spam,spam,spam,1.0
There's someone here that has a year  &lt;#&gt;  toyota camry like mr olayiwola's own. Mileage is  &lt;#&gt; k.its clean but i need to know how much will it sell for. If i can raise the dough for it how soon after landing will it sell. Holla back.,not spam,not spam,spam,not spam,spam,not spam,not spam,0.4
Guess which pub im in? Im as happy as a pig in clover or whatever the saying is! ,not spam,not spam,not spam,not spam,not spam,not spam,not spam,0.0
ILL B DOWN SOON,not spam,not spam,not spam,not spam,not spam,not spam,not spam,0.0
Go fool dont cheat others ok,not spam,not spam,spam,not spam,spam,not spam,not spam,0.4
You have WON a guaranteed å£1000 cash or a å£2000 prize. To claim yr prize call our customer service representative on 08714712412 between 10am-7pm Cost 10p,spam,spam,spam,spam,spam,spam,spam,1.0
I think the other two still need to get cash but we can def be ready by 9,not spam,not spam,not spam,not spam,not spam,not spam,not spam,0.0
Dear 0776xxxxxxx U've been invited to XCHAT. This is our final attempt to contact u! Txt CHAT to 86688 150p/MsgrcvdHG/Suite342/2Lands/Row/W1J6HL LDN 18yrs,spam,spam,spam,spam,spam,spam,spam,1.0
Babe ! What are you doing ? Where are you ? Who are you talking to ? Do you think of me ? Are you being a good boy? Are you missing me? Do you love me ?,not spam,not spam,spam,not spam,spam,not spam,not spam,0.4
I was gonna ask you lol but i think its at 7,not spam,not spam,not spam,not spam,not spam,not spam,not spam,0.0
Ur cash-balance is currently 500 pounds - to maximize ur cash-in now send GO to 86688 only 150p/meg. CC: 08718720201 HG/Suite342/2lands Row/W1j6HL,spam,spam,spam,spam,spam,spam,spam,1.0
PRIVATE! Your 2003 Account Statement for shows 800 un-redeemed S.I.M. points. Call 08715203685 Identifier Code:4xx26 Expires 13/10/04,spam,spam,spam,spam,spam,spam,spam,1.0
I'd like to tell you my deepest darkest fantasies. Call me 09094646631 just 60p/min. To stop texts call 08712460324 (nat rate),spam,spam,spam,spam,spam,spam,spam,1.0
You won't believe it but it's true. It's Incredible Txts! Reply G now to learn truly amazing things that will blow your mind. From O2FWD only 18p/txt,spam,spam,spam,spam,spam,spam,spam,1.0
(You didn't hear it from me),not spam,not spam,not spam,not spam,not spam,not spam,not spam,0.0
Pls clarify back if an open return ticket that i have can be preponed for me to go back to kerala.,not spam,not spam,not spam,not spam,not spam,not spam,not spam,0.0
Natalie (20/F) is inviting you to be her friend. Reply YES-165 or NO-165 See her: www.SMS.ac/u/natalie2k9 STOP? Send STOP FRND to 62468,spam,spam,spam,spam,spam,spam,spam,1.0
She ran off with a younger man. we will make pretty babies together :),not spam,not spam,spam,spam,not spam,not spam,not spam,0.4
Jamster! To get your free wallpaper text HEART to 88888 now! T&C apply. 16 only. Need Help? Call 08701213186.,spam,spam,spam,spam,spam,spam,spam,1.0
"Edison has rightly said, \A fool can ask more questions than a wise man can answer\"" Now you know why all of us are speechless during ViVa.. GM",not spam,not spam,not spam,not spam,not spam,not spam,not spam,0.0
"Tick, tick, tick .... Where are you ? I could die of loneliness you know ! *pouts* *stomps feet* I need you ...",not spam,spam,not spam,not spam,not spam,not spam,not spam,0.2
Lmao you know me so well...,not spam,not spam,not spam,not spam,not spam,not spam,not spam,0.0
Double Mins & Double Txt & 1/2 price Linerental on Latest Orange Bluetooth mobiles. Call MobileUpd8 for the very latest offers. 08000839402 or call2optout/LF56,spam,spam,spam,spam,spam,spam,spam,1.0
Hey next sun 1030 there's a basic yoga course... at bugis... We can go for that... Pilates intro next sat.... Tell me what time you r free,not spam,not spam,not spam,not spam,not spam,not spam,not spam,0.0
Free video camera phones with Half Price line rental for 12 mths and 500 cross ntwk mins 100 txts. Call MobileUpd8 08001950382 or Call2OptOut/674,spam,spam,spam,spam,spam,spam,spam,1.0
"Sorry, I'll call you  later. I am in meeting sir.",not spam,not spam,not spam,not spam,not spam,not spam,not spam,0.0
Havent stuck at orchard in my dad's car. Going 4 dinner now. U leh? So r they free tonight?,not spam,not spam,not spam,not spam,not spam,not spam,not spam,0.0
I dunno lei... Like dun haf...,not spam,not spam,not spam,not spam,not spam,not spam,not spam,0.0
But your brother transfered only  &lt;#&gt;  +  &lt;#&gt; . Pa.,not spam,spam,spam,spam,spam,spam,spam,1.0
I calls you later. Afternoon onwords mtnl service get problem in south mumbai. I can hear you but you cann't listen me.,not spam,spam,not spam,not spam,not spam,not spam,not spam,0.2
83039 62735=å£450 UK Break AccommodationVouchers terms & conditions apply. 2 claim you mustprovide your claim number which is 15541 ,spam,spam,spam,spam,spam,spam,spam,1.0
Hai dear friends... This is my new &amp; present number..:) By Rajitha Raj (Ranju),not spam,spam,not spam,spam,not spam,not spam,not spam,0.4
5p 4 alfie Moon's Children in need song on ur mob. Tell ur m8s. Txt Tone charity to 8007 for Nokias or Poly charity for polys: zed 08701417012 profit 2 charity.,spam,spam,spam,spam,spam,spam,spam,1.0
WIN a å£200 Shopping spree every WEEK Starting NOW. 2 play text STORE to 88039. SkilGme. TsCs08714740323 1Winawk! age16 å£1.50perweeksub.,spam,spam,spam,spam,spam,spam,spam,1.0
Gud ni8 dear..slp well..take care..swt dreams..Muah..,not spam,not spam,spam,not spam,not spam,not spam,not spam,0.2
I want to sent  &lt;#&gt; mesages today. Thats y. Sorry if i hurts,not spam,not spam,spam,spam,not spam,not spam,not spam,0.4
"This is the 2nd attempt to contract U, you have won this weeks top prize of either å£1000 cash or å£200 prize. Just call 09066361921",spam,spam,spam,spam,spam,spam,spam,1.0
Do you want a New Nokia 3510i colour phone DeliveredTomorrow? With 300 free minutes to any mobile + 100 free texts + Free Camcorder reply or call 08000930705.,spam,spam,spam,spam,spam,spam,spam,1.0
\Keep ur problems in ur heart,not spam,not spam,spam,spam,spam,not spam,spam,0.6
\HI BABE UAWAKE?FEELLIKW SHIT.JUSTFOUND OUT VIA ALETTER THATMUM GOTMARRIED 4thNOV.BEHIND OURBACKS åÐ FUCKINNICE!SELFISH,not spam,spam,spam,spam,spam,not spam,spam,0.8
Hey happy birthday...,not spam,not spam,not spam,not spam,not spam,not spam,not spam,0.0
Sorry i missed your call. Can you please call back.,not spam,not spam,not spam,not spam,not spam,not spam,not spam,0.0
"Good morning, im suffering from fever and dysentry ..will not be able to come to office today.",not spam,not spam,not spam,not spam,not spam,not spam,not spam,0.0
What type of stuff do you sing?,not spam,not spam,not spam,not spam,not spam,not spam,not spam,0.0
Gokila is talking with you aha:),not spam,not spam,not spam,not spam,not spam,not spam,not spam,0.0
"TheMob>Hit the link to get a premium Pink Panther game, the new no. 1 from Sugababes, a crazy Zebra animation or a badass Hoody wallpaper-all 4 FREE!",spam,spam,spam,spam,spam,spam,spam,1.0
Nope thats fine. I might have a nap tho! ,not spam,not spam,not spam,not spam,not spam,not spam,not spam,0.0
This msg is for your mobile content order It has been resent as previous attempt failed due to network error Queries to customersqueries@netvision.uk.com,spam,spam,spam,spam,spam,spam,spam,1.0
Ding me on ya break fassyole! Blacko from londn,not spam,spam,spam,spam,spam,not spam,spam,0.8
I REALLY NEED 2 KISS U I MISS U MY BABY FROM UR BABY 4EVA,not spam,spam,spam,spam,spam,spam,spam,1.0
You have 1 new message. Please call 08715205273,spam,spam,spam,spam,spam,spam,spam,1.0
I've reached sch already...,not spam,not spam,not spam,not spam,not spam,not spam,not spam,0.0
December only! Had your mobile 11mths+? You are entitled to update to the latest colour camera mobile for Free! Call The Mobile Update VCo FREE on 08002986906 ,spam,spam,spam,spam,spam,spam,spam,1.0
"Get 3 Lions England tone, reply lionm 4 mono or lionp 4 poly. 4 more go 2 www.ringtones.co.uk, the original n best. Tones 3GBP network operator rates apply.",spam,spam,spam,spam,spam,spam,spam,1.0
PRIVATE! Your 2003 Account Statement for 078,spam,spam,not spam,spam,spam,spam,spam,0.8
"Oops I did have it,  &lt;#&gt; ?",not spam,not spam,not spam,not spam,not spam,not spam,not spam,0.0
"He is impossible to argue with and he always treats me like his sub, like he never released me ... Which he did and I will remind him of that if necessary",not spam,not spam,not spam,not spam,not spam,not spam,not spam,0.0
"To the wonderful Okors, have a great month. We cherish you guys and wish you well each day. MojiBiola",not spam,not spam,not spam,not spam,not spam,not spam,not spam,0.0
"Rose for red,red for blood,blood for heart,heart for u. But u for me.... Send tis to all ur friends.. Including me.. If u like me.. If u get back, 1-u r poor in relation! 2-u need some 1 to support 3-u r frnd 2 many 4-some1 luvs u 5+- some1 is praying god to marry u.:-) try it....",not spam,spam,spam,spam,not spam,spam,spam,0.8
it's still not working. And this time i also tried adding zeros. That was the savings. The checking is  &lt;#&gt; ,not spam,spam,spam,spam,spam,not spam,spam,0.8
Sday only joined.so training we started today:),not spam,not spam,not spam,not spam,not spam,not spam,not spam,0.0
Sorry * was at the grocers.,not spam,not spam,not spam,not spam,not spam,not spam,not spam,0.0
There are some nice pubs near here or there is Frankie n Bennys near the warner cinema?,not spam,not spam,not spam,not spam,not spam,not spam,not spam,0.0
"YOU VE WON! Your 4* Costa Del Sol Holiday or å£5000 await collection. Call 09050090044 Now toClaim. SAE, TC s, POBox334, Stockport, SK38xh, Costå£1.50/pm, Max10mins",spam,spam,spam,spam,spam,spam,spam,1.0
Yup... I havent been there before... You want to go for the yoga? I can call up to book ,not spam,not spam,not spam,not spam,not spam,not spam,not spam,0.0
Oh shut it. Omg yesterday I had a dream that I had 2 kids both boys. I was so pissed. Not only about the kids but them being boys. I even told mark in my dream that he was changing diapers cause I'm not getting owed in the face.,not spam,not spam,not spam,not spam,not spam,not spam,not spam,0.0
FREE for 1st week! No1 Nokia tone 4 ur mobile every week just txt NOKIA to 8077 Get txting and tell ur mates. www.getzed.co.uk POBox 36504 W45WQ 16+ norm150p/tone,spam,spam,spam,spam,spam,spam,spam,1.0
Get your garden ready for summer with a FREE selection of summer bulbs and seeds worth å£33:50 only with The Scotsman this Saturday. To stop go2 notxt.co.uk,spam,spam,spam,spam,spam,spam,spam,1.0
Haven't left yet so probably gonna be here til dinner,not spam,not spam,not spam,not spam,not spam,not spam,not spam,0.0
"Sir, I need Velusamy sir's date of birth and company bank facilities details.",not spam,spam,not spam,spam,spam,not spam,spam,0.6
I will come with karnan car. Please wait till 6pm will directly goto doctor.,not spam,not spam,spam,not spam,not spam,not spam,not spam,0.2
No but the bluray player can,not spam,not spam,not spam,not spam,not spam,not spam,not spam,0.0
Lol no. I just need to cash in my nitros. Hurry come on before I crash out!,not spam,not spam,spam,not spam,not spam,spam,not spam,0.4
Just send a text. We'll skype later.,not spam,not spam,not spam,not spam,not spam,not spam,not spam,0.0
Ok leave no need to ask,not spam,not spam,not spam,not spam,not spam,not spam,not spam,0.0
"Congrats 2 mobile 3G Videophones R yours. call 09063458130 now! videochat wid ur mates, play java games, Dload polypH music, noline rentl. bx420. ip4. 5we. 150p",spam,spam,spam,spam,spam,spam,spam,1.0
Y she dun believe leh? I tot i told her it's true already. I thk she muz c us tog then she believe.,not spam,not spam,spam,not spam,not spam,not spam,not spam,0.2
Oh k. . I will come tomorrow,not spam,not spam,not spam,not spam,not spam,not spam,not spam,0.0
"Aight, text me tonight and we'll see what's up",not spam,not spam,not spam,not spam,not spam,not spam,not spam,0.0
U 2.,not spam,not spam,not spam,not spam,not spam,not spam,not spam,0.0
"Very strange.  and  are watching the 2nd one now but i'm in bed. Sweet dreams, miss u ",not spam,not spam,not spam,not spam,not spam,not spam,not spam,0.0
SMS AUCTION - A BRAND NEW Nokia 7250 is up 4 auction today! Auction is FREE 2 join & take part! Txt NOKIA to 86021 now!,spam,spam,spam,spam,spam,spam,spam,1.0
"Fuuuuck I need to stop sleepin, sup",not spam,not spam,not spam,not spam,not spam,not spam,not spam,0.0
I uploaded mine to Facebook,not spam,not spam,not spam,not spam,not spam,not spam,not spam,0.0
WHAT TIME U WRKIN?,not spam,spam,not spam,not spam,spam,not spam,not spam,0.4
Okie,not spam,not spam,not spam,not spam,not spam,not spam,not spam,0.0
ree entry in 2 a weekly comp for a chance to win an ipod. Txt POD to 80182 to get entry (std txt rate) T&C's apply 08452810073 for details 18+,spam,spam,spam,spam,spam,spam,spam,1.0
Our records indicate u maybe entitled to 5000 pounds in compensation for the Accident you had. To claim 4 free reply with CLAIM to this msg. 2 stop txt STOP,spam,spam,spam,spam,spam,spam,spam,1.0
"Sorry, I'll call later",not spam,not spam,not spam,not spam,not spam,not spam,not spam,0.0
Oh oh... Den muz change plan liao... Go back have to yan jiu again...,not spam,spam,spam,not spam,not spam,not spam,not spam,0.4
Ok... Take ur time n enjoy ur dinner...,not spam,not spam,spam,not spam,spam,not spam,not spam,0.4
Darren was saying dat if u meeting da ge den we dun meet 4 dinner. Cos later u leave xy will feel awkward. Den u meet him 4 lunch lor.,not spam,spam,spam,not spam,not spam,not spam,not spam,0.4
"Spook up your mob with a Halloween collection of a logo & pic message plus a free eerie tone, txt CARD SPOOK to 8007 zed 08701417012150p per logo/pic ",spam,spam,spam,spam,spam,spam,spam,1.0
I like cheap! But iÛ÷m happy to splash out on the wine if it makes you feel better..,not spam,not spam,not spam,not spam,not spam,not spam,not spam,0.0
Call Germany for only 1 pence per minute! Call from a fixed line via access number 0844 861 85 85. No prepayment. Direct access! www.telediscount.co.uk,spam,spam,spam,spam,spam,spam,spam,1.0
"YOU VE WON! Your 4* Costa Del Sol Holiday or å£5000 await collection. Call 09050090044 Now toClaim. SAE, TC s, POBox334, Stockport, SK38xh, Costå£1.50/pm, Max10mins",spam,spam,spam,spam,spam,spam,spam,1.0
WOT STUDENT DISCOUNT CAN U GET ON BOOKS?,not spam,spam,spam,spam,spam,not spam,spam,0.8
Me fine..absolutly fine,not spam,not spam,not spam,not spam,not spam,not spam,not spam,0.0
Had your mobile 11mths ? Update for FREE to Oranges latest colour camera mobiles & unlimited weekend calls. Call Mobile Upd8 on freefone 08000839402 or 2StopTxt,spam,spam,spam,spam,spam,spam,spam,1.0
"Babe, I'm answering you, can't you see me ? Maybe you'd better reboot YM ... I got the photo ... It's great !",not spam,not spam,spam,not spam,not spam,not spam,not spam,0.2
"I know you are thinkin malaria. But relax, children cant handle malaria. She would have been worse and its gastroenteritis. If she takes enough to replace her loss her temp will reduce. And if you give her malaria meds now she will just vomit. Its a self limiting illness she has which means in a few days it will completely stop",not spam,not spam,spam,not spam,not spam,not spam,not spam,0.2
Dai i downloaded but there is only exe file which i can only run that exe after installing.,not spam,not spam,not spam,not spam,not spam,not spam,not spam,0.0
It is only yesterday true true.,not spam,not spam,not spam,not spam,not spam,not spam,not spam,0.0
3 pa but not selected.,not spam,not spam,not spam,not spam,not spam,not spam,not spam,0.0
Natalja (25/F) is inviting you to be her friend. Reply YES-440 or NO-440 See her: www.SMS.ac/u/nat27081980 STOP? Send STOP FRND to 62468,spam,spam,spam,spam,spam,spam,spam,1.0
I keep ten rs in my shelf:) buy two egg.,not spam,spam,not spam,not spam,not spam,not spam,not spam,0.2
Pls she needs to dat slowly or she will vomit more.,not spam,not spam,not spam,not spam,not spam,not spam,not spam,0.0
"Jane babes not goin 2 wrk, feel ill after lst nite. Foned in already cover 4 me chuck.:-)",not spam,not spam,spam,not spam,not spam,not spam,not spam,0.2
Smile in Pleasure Smile in Pain Smile when trouble pours like Rain Smile when sum1 Hurts U Smile becoz SOMEONE still Loves to see u Smiling!!,not spam,spam,spam,spam,spam,not spam,spam,0.8
I re-met alex nichols from middle school and it turns out he's dealing!,not spam,spam,spam,spam,not spam,not spam,spam,0.6
PRIVATE! Your 2003 Account Statement for <fone no> shows 800 un-redeemed S. I. M. points. Call 08715203656 Identifier Code: 42049 Expires 26/10/04,spam,spam,spam,spam,spam,spam,spam,1.0
"Nope, I'm still in the market",not spam,not spam,not spam,not spam,not spam,not spam,not spam,0.0
YOU ARE CHOSEN TO RECEIVE A å£350 AWARD! Pls call claim number 09066364311 to collect your award which you are selected to receive as a valued mobile customer.,spam,spam,spam,spam,spam,spam,spam,1.0
Hey what how about your project. Started aha da.,not spam,not spam,not spam,not spam,not spam,not spam,not spam,0.0
Ok cool. See ya then.,not spam,not spam,not spam,not spam,not spam,not spam,not spam,0.0
Someonone you know is trying to contact you via our dating service! To find out who it could be call from your mobile or landline 09064015307 BOX334SK38ch ,spam,spam,spam,spam,spam,spam,spam,1.0
Yeah I can still give you a ride,not spam,not spam,not spam,not spam,not spam,not spam,not spam,0.0
Hmm thinking lor...,not spam,not spam,not spam,not spam,not spam,not spam,not spam,0.0
Of course ! Don't tease me ... You know I simply must see ! *grins* ... Do keep me posted my prey ... *loving smile* *devouring kiss*,not spam,spam,spam,spam,spam,not spam,spam,0.8
U come n search tat vid..not finishd..,not spam,Not spam,not spam,spam,spam,not spam,not spam,0.4
"K I'm leaving soon, be there a little after 9",not spam,not spam,not spam,not spam,not spam,not spam,not spam,0.0
Urgent! Please call 09061213237 from a landline. å£5000 cash or a 4* holiday await collection. T &Cs SAE PO Box 177 M227XY. 16+,spam,spam,spam,spam,spam,spam,spam,1.0
You do your studies alone without anyones help. If you cant no need to study.,not spam,not spam,not spam,not spam,not spam,not spam,not spam,0.0
Well she's in for a big surprise!,not spam,not spam,not spam,not spam,not spam,not spam,not spam,0.0
\ER,not spam,not spam,not spam,not spam,not spam,not spam,not spam,0.0
"If you don't, your prize will go to another customer. T&C at www.t-c.biz 18+ 150p/min Polo Ltd Suite 373 London W1J 6HL Please call back if busy ",spam,spam,spam,spam,spam,spam,spam,1.0
So u wan 2 come for our dinner tonight a not?,not spam,not spam,not spam,not spam,spam,not spam,not spam,0.2
Its too late:)but its k.wish you the same.,not spam,not spam,not spam,not spam,not spam,not spam,not spam,0.0
"Best msg: It's hard to be with a person, when u know that one more step foward will make u fall in love.. &amp; One step back can ruin ur friendship.. good night:-) ...",not spam,not spam,not spam,not spam,not spam,not spam,not spam,0.0
URGENT! Your Mobile number has been awarded with a å£2000 prize GUARANTEED. Call 09061790126 from land line. Claim 3030. Valid 12hrs only 150ppm,spam,spam,spam,spam,spam,spam,spam,1.0
I have gone into get info bt dont know what to do,not spam,not spam,not spam,not spam,not spam,not spam,not spam,0.0
Sent me ur email id soon,not spam,not spam,spam,spam,spam,spam,spam,0.8
"URGENT! You have won a 1 week FREE membership in our å£100,000 Prize Jackpot! Txt the word: CLAIM to No: 81010 T&C www.dbuk.net LCCLTD POBOX 4403LDNW1A7RW18",spam,spam,spam,spam,spam,spam,spam,1.0
Hey ! Don't forget ... You are MINE ... For ME ... My possession ... MY property ... MMM ... *childish smile* ...,not spam,spam,spam,spam,spam,spam,spam,1.0
Hey! Congrats 2u2. id luv 2 but ive had 2 go home!,not spam,spam,not spam,not spam,not spam,not spam,not spam,0.2
Dear where you. Call me,not spam,not spam,not spam,not spam,not spam,not spam,not spam,0.0
Xy trying smth now. U eat already? We havent...,not spam,spam,not spam,not spam,not spam,not spam,not spam,0.2
Urgent! Please call 09061213237 from landline. å£5000 cash or a luxury 4* Canary Islands Holiday await collection. T&Cs SAE PO Box 177. M227XY. 150ppm. 16+,spam,spam,spam,spam,spam,spam,spam,1.0
XMAS iscoming & ur awarded either å£500 CD gift vouchers & free entry 2 r å£100 weekly draw txt MUSIC to 87066 TnC www.Ldew.com1win150ppmx3age16subscription ,spam,spam,spam,spam,spam,spam,spam,1.0
I.ll hand her my phone to chat wit u,not spam,not spam,spam,spam,spam,not spam,spam,0.6
About  &lt;#&gt; bucks. The banks fees are fixed. Better to call the bank and find out.,not spam,spam,spam,spam,not spam,not spam,spam,0.6
"I can. But it will tell quite long, cos i haven't finish my film yet...",not spam,not spam,not spam,not spam,not spam,not spam,not spam,0.0
Ill be at yours in about 3 mins but look out for me,not spam,not spam,not spam,not spam,not spam,not spam,not spam,0.0
"yeah, that's what I was thinking",not spam,not spam,not spam,not spam,not spam,not spam,not spam,0.0
Get the official ENGLAND poly ringtone or colour flag on yer mobile for tonights game! Text TONE or FLAG to 84199. Optout txt ENG STOP Box39822 W111WX å£1.50,spam,spam,spam,spam,spam,spam,spam,1.0
Hahaha..use your brain dear,not spam,not spam,not spam,not spam,not spam,not spam,not spam,0.0
Jus finish watching tv... U?,not spam,not spam,not spam,not spam,not spam,not spam,not spam,0.0
"Good morning, my Love ... I go to sleep now and wish you a great day full of feeling better and opportunity ... You are my last thought babe, I LOVE YOU *kiss*",not spam,not spam,spam,not spam,not spam,not spam,not spam,0.2
Kothi print out marandratha.,not spam,not spam,not spam,not spam,not spam,not spam,not spam,0.0
Ok no problem... Yup i'm going to sch at 4 if i rem correctly...,not spam,not spam,not spam,not spam,not spam,not spam,not spam,0.0
Aah bless! How's your arm?,not spam,not spam,not spam,not spam,not spam,not spam,not spam,0.0
Wishing you a wonderful week.,not spam,not spam,not spam,not spam,not spam,not spam,not spam,0.0
"Sir, waiting for your letter.",not spam,not spam,not spam,not spam,not spam,not spam,not spam,0.0
I think steyn surely get one wicket:),not spam,not spam,not spam,not spam,not spam,not spam,not spam,0.0
No. It's not pride. I'm almost  &lt;#&gt;  years old and shouldn't be takin money from my kid. You're not supposed to have to deal with this stuff. This is grownup stuff--why i don't tell you.,not spam,not spam,not spam,not spam,not spam,not spam,not spam,0.0
"u r subscribed 2 TEXTCOMP 250 wkly comp. 1st wk?s free question follows, subsequent wks charged@150p/msg.2 unsubscribe txt STOP 2 84128,custcare 08712405020",spam,spam,spam,spam,spam,spam,spam,1.0
No go. No openings for that room 'til after thanksgiving without an upcharge.,not spam,not spam,spam,spam,not spam,not spam,not spam,0.4
When you guys planning on coming over?,not spam,not spam,not spam,not spam,not spam,not spam,not spam,0.0
No sir. That's why i had an 8-hr trip on the bus last week. Have another audition next wednesday but i think i might drive this time.,not spam,not spam,not spam,not spam,not spam,not spam,not spam,0.0
I'm home...,not spam,not spam,not spam,not spam,not spam,not spam,not spam,0.0
Aiyo cos i sms Ì_ then Ì_ neva reply so i wait 4 Ì_ to reply lar. I tot Ì_ havent finish ur lab wat.,not spam,not spam,not spam,not spam,not spam,not spam,not spam,0.0
Tell me something. Thats okay.,not spam,not spam,not spam,not spam,not spam,not spam,not spam,0.0
This is ur face test ( 1 2 3 4 5 6 7 8 9  &lt;#&gt;  ) select any number i will tell ur face astrology.... am waiting. quick reply...,not spam,spam,spam,spam,spam,spam,spam,1.0
I'm in inside office..still filling forms.don know when they leave me.,not spam,not spam,spam,not spam,not spam,not spam,not spam,0.2
Call 09095350301 and send our girls into erotic ecstacy. Just 60p/min. To stop texts call 08712460324 (nat rate),spam,spam,spam,spam,spam,spam,spam,1.0
Camera - You are awarded a SiPix Digital Camera! call 09061221066 fromm landline. Delivery within 28 days.,spam,spam,spam,spam,spam,spam,spam,1.0
A å£400 XMAS REWARD IS WAITING FOR YOU! Our computer has randomly picked you from our loyal mobile customers to receive a å£400 reward. Just call 09066380611,spam,spam,spam,spam,spam,spam,spam,1.0
Just trying to figure out when I'm suppose to see a couple different people this week. We said we'd get together but I didn't set dates,not spam,not spam,not spam,not spam,not spam,not spam,not spam,0.0
IMPORTANT MESSAGE. This is a final contact attempt. You have important messages waiting out our customer claims dept. Expires 13/4/04. Call 08717507382 NOW!,spam,spam,spam,spam,spam,spam,spam,1.0
dating:i have had two of these. Only started after i sent a text to talk sport radio last week. Any connection do you think or coincidence?,spam,not spam,not spam,not spam,not spam,not spam,not spam,0.0
I cant pick the phone right now. Pls send a message,not spam,not spam,not spam,not spam,not spam,not spam,not spam,0.0
I don't want you to leave. But i'm barely doing what i can to stay sane. fighting with you constantly isn't helping.,not spam,not spam,not spam,not spam,not spam,not spam,not spam,0.0
The current leading bid is 151. To pause this auction send OUT. Customer Care: 08718726270,spam,spam,spam,spam,spam,spam,spam,1.0
"Free entry to the gr8prizes wkly comp 4 a chance to win the latest Nokia 8800, PSP or å£250 cash every wk.TXT GREAT to 80878 http//www.gr8prizes.com 08715705022",spam,spam,spam,spam,spam,spam,spam,1.0
Somebody set up a website where you can play hold em using eve online spacebucks,not spam,not spam,spam,spam,spam,not spam,spam,0.6
Its sunny in california. The weather's just cool,not spam,not spam,not spam,not spam,not spam,not spam,not spam,0.0
You have 1 new message. Call 0207-083-6089,spam,spam,spam,spam,spam,spam,spam,1.0
"I can make it up there, squeezed  &lt;#&gt;  bucks out of my dad",not spam,spam,spam,spam,spam,not spam,spam,0.8
How are you babes. Hope your doing ok. I had a shit nights sleep. I fell asleep at 5.IåÕm knackered and iåÕm dreading work tonight. What are thou upto tonight. X,not spam,not spam,not spam,not spam,not spam,not spam,not spam,0.0
I'm at work. Please call,not spam,not spam,not spam,not spam,not spam,not spam,not spam,0.0
NOT MUCH NO FIGHTS. IT WAS A GOOD NITE!!,not spam,not spam,not spam,not spam,not spam,not spam,not spam,0.0
Nt joking seriously i told,not spam,not spam,not spam,not spam,not spam,not spam,not spam,0.0
Ooooooh I forgot to tell u I can get on yoville on my phone,not spam,not spam,spam,spam,not spam,not spam,not spam,0.4
"All done, all handed in. Don't know if mega shop in asda counts as celebration but thats what i'm doing!",not spam,not spam,not spam,not spam,not spam,not spam,not spam,0.0
I dont know exactly could you ask chechi.,not spam,not spam,not spam,not spam,not spam,not spam,not spam,0.0
Hi babe its me thanks for coming even though it didnt go that well!i just wanted my bed! Hope to see you soon love and kisses xxx,not spam,not spam,not spam,not spam,not spam,not spam,not spam,0.0
So how many days since then?,not spam,not spam,not spam,not spam,not spam,not spam,not spam,0.0
Dear are you angry i was busy dear,not spam,not spam,not spam,not spam,not spam,not spam,not spam,0.0
"Daddy, shu shu is looking 4 u... U wan me 2 tell him u're not in singapore or wat?",not spam,spam,spam,spam,not spam,not spam,spam,0.6
I'm at bruce &amp; fowler now but I'm in my mom's car so I can't park (long story),not spam,not spam,not spam,not spam,not spam,not spam,not spam,0.0
Ok k..sry i knw 2 siva..tats y i askd..,not spam,not spam,spam,not spam,not spam,not spam,not spam,0.2
"Sorry, I'll call later",not spam,not spam,not spam,not spam,not spam,not spam,not spam,0.0
Oh yeah! And my diet just flew out the window,not spam,not spam,not spam,not spam,not spam,not spam,not spam,0.0
Santa Calling! Would your little ones like a call from Santa Xmas eve? Call 09058094583 to book your time.,spam,spam,spam,spam,spam,spam,spam,1.0
"If you can make it any time tonight or whenever you can it's cool, just text me whenever you're around",not spam,not spam,not spam,not spam,not spam,not spam,not spam,0.0
If I was I wasn't paying attention,not spam,not spam,not spam,not spam,not spam,not spam,not spam,0.0
Thanx a lot 4 ur help!,not spam,not spam,not spam,not spam,not spam,not spam,not spam,0.0
Jesus armand really is trying to tell everybody he can find,not spam,not spam,not spam,spam,not spam,not spam,not spam,0.2
I'm wif him now buying tix lar...,not spam,spam,spam,not spam,spam,not spam,spam,0.6
Mode men or have you left.,not spam,not spam,not spam,not spam,not spam,not spam,not spam,0.0
"By the way, make sure u get train to worc foregate street not shrub hill. Have fun night x",not spam,not spam,spam,not spam,not spam,not spam,not spam,0.2
"I thought i'd get him a watch, just cos thats the kind of thing u get4an18th. And he loves so much!",not spam,not spam,spam,not spam,not spam,not spam,not spam,0.2
You have won a guaranteed 32000 award or maybe even å£1000 cash to claim ur award call free on 0800 ..... (18+). Its a legitimat efreefone number wat do u think???,spam,spam,spam,spam,spam,spam,spam,1.0
"Latest News! Police station toilet stolen, cops have nothing to go on!",spam,spam,spam,spam,spam,not spam,spam,0.8
Just sing HU. I think its also important to find someone female that know the place well preferably a citizen that is also smart to help you navigate through. Even things like choosing a phone plan require guidance. When in doubt ask especially girls.,not spam,spam,spam,spam,not spam,not spam,spam,0.6
"\For the most sparkling shopping breaks from 45 per person; call 0121 2025050 or visit www.shortbreaks.org.uk\""""",spam,spam,spam,spam,spam,spam,spam,1.0
Arun can u transfr me d amt,not spam,spam,spam,spam,spam,spam,spam,1.0
"Sorry, I'll call later",not spam,not spam,not spam,not spam,not spam,not spam,not spam,0.0
December only! Had your mobile 11mths+? You are entitled to update to the latest colour camera mobile for Free! Call The Mobile Update Co FREE on 08002986906,spam,spam,spam,spam,spam,spam,spam,1.0
Txt: CALL to No: 86888 & claim your reward of 3 hours talk time to use from your phone now! Subscribe6GBP/mnth inc 3hrs 16 stop?txtStop www.gamb.tv,spam,spam,spam,spam,spam,spam,spam,1.0
Shall I bring us a bottle of wine to keep us amused? Only joking! IÛ÷ll bring one anyway,not spam,not spam,not spam,not spam,not spam,not spam,not spam,0.0
http//tms. widelive.com/index. wml?id=820554ad0a1705572711&first=trueåÁC C RingtoneåÁ,spam,spam,spam,spam,spam,spam,spam,1.0
Get your garden ready for summer with a FREE selection of summer bulbs and seeds worth å£33:50 only with The Scotsman this Saturday. To stop go2 notxt.co.uk,spam,spam,spam,spam,spam,spam,spam,1.0
"URGENT! Last weekend's draw shows that you have won å£1000 cash or a Spanish holiday! CALL NOW 09050000332 to claim. T&C: RSTM, SW7 3SS. 150ppm",spam,spam,spam,spam,spam,spam,spam,1.0
Yup,not spam,not spam,not spam,not spam,not spam,not spam,not spam,0.0
Well obviously not because all the people in my cool college life went home ;_;,not spam,not spam,not spam,not spam,not spam,not spam,not spam,0.0
Dhoni have luck to win some big title.so we will win:),not spam,not spam,not spam,not spam,not spam,not spam,not spam,0.0
No probably  &lt;#&gt; %.,not spam,not spam,not spam,spam,not spam,not spam,not spam,0.2
Have you seen who's back at Holby?!,not spam,not spam,not spam,not spam,not spam,not spam,not spam,0.0
URGENT We are trying to contact you Last weekends draw shows u have won a å£1000 prize GUARANTEED Call 09064017295 Claim code K52 Valid 12hrs 150p pm,spam,spam,spam,spam,spam,spam,spam,1.0
2p per min to call Germany 08448350055 from your BT line. Just 2p per min. Check PlanetTalkInstant.com for info & T's & C's. Text stop to opt out,spam,spam,spam,spam,spam,spam,spam,1.0
K. I will sent it again,not spam,not spam,not spam,not spam,not spam,not spam,not spam,0.0
Marvel Mobile Play the official Ultimate Spider-man game (å£4.50) on ur mobile right now. Text SPIDER to 83338 for the game & we ll send u a FREE 8Ball wallpaper,spam,spam,spam,spam,spam,spam,spam,1.0
I think if he rule tamilnadu..then its very tough for our people.,not spam,not spam,not spam,not spam,not spam,not spam,not spam,0.0
Yes... I trust u to buy new stuff ASAP so I can try it out,not spam,spam,not spam,not spam,not spam,spam,not spam,0.4
"SMS SERVICES. for your inclusive text credits, pls goto www.comuk.net login= 3qxj9 unsubscribe with STOP, no extra charge. help 08702840625.COMUK. 220-CM2 9AE",spam,spam,spam,spam,spam,spam,spam,1.0
Why did I wake up on my own &gt;:(,not spam,not spam,not spam,not spam,not spam,not spam,not spam,0.0
Now get step 2 outta the way. Congrats again.,not spam,not spam,spam,not spam,spam,not spam,not spam,0.4
Love has one law; Make happy the person you love. In the same way friendship has one law; Never make ur friend feel alone until you are alive.... Gud night,not spam,not spam,not spam,not spam,not spam,not spam,not spam,0.0
PRIVATE! Your 2003 Account Statement for 07808247860 shows 800 un-redeemed S. I. M. points. Call 08719899229 Identifier Code: 40411 Expires 06/11/04,spam,spam,spam,spam,spam,spam,spam,1.0
God's love has no limit. God's grace has no measure. God's power has no boundaries. May u have God's endless blessings always in ur life...!! Gud ni8,not spam,spam,spam,spam,spam,not spam,spam,0.8
Lol they were mad at first but then they woke up and gave in.,not spam,not spam,not spam,not spam,not spam,not spam,not spam,0.0
I went to project centre,not spam,not spam,not spam,not spam,not spam,not spam,not spam,0.0
"Just making dinner, you ?",not spam,not spam,not spam,not spam,not spam,not spam,not spam,0.0
You are a great role model. You are giving so much and i really wish each day for a miracle but God as a reason for everything and i must say i wish i knew why but i dont. I've looked up to you since i was young and i still do. Have a great day.,not spam,not spam,not spam,not spam,not spam,not spam,not spam,0.0
No. I dont want to hear anything,not spam,not spam,not spam,not spam,not spam,not spam,not spam,0.0
Thats cool. I want to please you...,not spam,not spam,not spam,spam,not spam,not spam,not spam,0.2
You are awarded a SiPix Digital Camera! call 09061221061 from landline. Delivery within 28days. T Cs Box177. M221BP. 2yr warranty. 150ppm. 16 . p på£3.99,spam,spam,spam,spam,spam,spam,spam,1.0
PRIVATE! Your 2003 Account Statement for shows 800 un-redeemed S.I.M. points. Call 08718738001 Identifier Code: 49557 Expires 26/11/04,spam,spam,spam,spam,spam,spam,spam,1.0
Its just the effect of irritation. Just ignore it,not spam,not spam,not spam,not spam,not spam,not spam,not spam,0.0
I think that tantrum's finished so yeah I'll be by at some point,not spam,not spam,not spam,not spam,not spam,not spam,not spam,0.0
Ok which your another number,not spam,not spam,not spam,spam,spam,not spam,not spam,0.4
"I know you are thinkin malaria. But relax, children cant handle malaria. She would have been worse and its gastroenteritis. If she takes enough to replace her loss her temp will reduce. And if you give her malaria meds now she will just vomit. Its a self limiting illness she has which means in a few days it will completely stop",not spam,not spam,spam,not spam,not spam,not spam,not spam,0.2
Aiyah ok wat as long as got improve can already wat...,not spam,not spam,not spam,not spam,not spam,not spam,not spam,0.0
Want explicit SEX in 30 secs? Ring 02073162414 now! Costs 20p/min Gsex POBOX 2667 WC1N 3XX,spam,spam,spam,spam,spam,spam,spam,1.0
I can't believe how attached I am to seeing you every day. I know you will do the best you can to get to me babe. I will go to teach my class at your midnight,not spam,not spam,not spam,not spam,not spam,not spam,not spam,0.0
Just sleeping..and surfing,not spam,not spam,not spam,not spam,not spam,not spam,not spam,0.0
ASKED 3MOBILE IF 0870 CHATLINES INCLU IN FREE MINS. INDIA CUST SERVs SED YES. L8ER GOT MEGA BILL. 3 DONT GIV A SHIT. BAILIFF DUE IN DAYS. I O å£250 3 WANT å£800,spam,spam,spam,spam,spam,spam,spam,1.0
Yeah it's jus rite...,not spam,not spam,not spam,not spam,not spam,not spam,not spam,0.0
Armand says get your ass over to epsilon,not spam,spam,spam,spam,spam,not spam,spam,0.8
U still havent got urself a jacket ah?,not spam,not spam,not spam,not spam,spam,not spam,not spam,0.2
Hi its in durban are you still on this number,not spam,not spam,not spam,not spam,not spam,not spam,not spam,0.0
"Had your contract mobile 11 Mnths? Latest Motorola, Nokia etc. all FREE! Double Mins & Text on Orange tariffs. TEXT YES for callback, no to remove from records.",spam,spam,spam,spam,spam,spam,spam,1.0
Hahaha..use your brain dear,not spam,not spam,not spam,not spam,not spam,not spam,not spam,0.0
No. I meant the calculation is the same. That  &lt;#&gt; units at  &lt;#&gt; . This school is really expensive. Have you started practicing your accent. Because its important. And have you decided if you are doing 4years of dental school or if you'll just do the nmde exam.,not spam,not spam,not spam,not spam,not spam,not spam,not spam,0.0
if you aren't here in the next  &lt;#&gt;  hours imma flip my shit,not spam,spam,spam,spam,not spam,not spam,spam,0.6
Get me out of this dump heap. My mom decided to come to lowes. BORING.,not spam,not spam,not spam,not spam,not spam,not spam,not spam,0.0
Ok lor... Sony ericsson salesman... I ask shuhui then she say quite gd 2 use so i considering...,not spam,not spam,spam,not spam,not spam,not spam,not spam,0.2
Huh y lei...,not spam,not spam,not spam,not spam,not spam,not spam,not spam,0.0
"REMINDER FROM O2: To get 2.50 pounds free call credit and details of great offers pls reply 2 this text with your valid name, house no and postcode",spam,spam,spam,spam,spam,spam,spam,1.0
"This is the 2nd time we have tried 2 contact u. U have won the å£750 Pound prize. 2 claim is easy, call 087187272008 NOW1! Only 10p per minute. BT-national-rate.",spam,spam,spam,spam,spam,spam,spam,1.0
Will Ì_ b going to esplanade fr home?,not spam,not spam,not spam,not spam,not spam,not spam,not spam,0.0
"Pity, * was in mood for that. So...any other suggestions?",not spam,not spam,not spam,not spam,not spam,not spam,not spam,0.0
The guy did some bitching but I acted like i'd be interested in buying something else next week and he gave it to us for free,not spam,not spam,not spam,not spam,not spam,not spam,not spam,0.0
Rofl. Its true to its name,not spam,not spam,not spam,not spam,not spam,not spam,not spam,0.0
